Year,Event,Driver,Stint,stint_length,start_lap,end_lap,starting_tyre_age,start_time,Compound,n_compounds,pit_in,Time,AirTemp,TrackTemp,Humidity,Pressure,WindSpeed,WindDirection,Rainfall,total_race_laps,event,finished_race
2024,Bahrain Grand Prix,ALB,1.0,15,1.0,15.0,1.0,0 days 00:59:59.911000,SOFT,1,1,0 days 01:00:14.115000,18.2,23.8,49.0,1017.2,1.5,58,False,57,1,False
2024,Bahrain Grand Prix,RIC,1.0,13,1.0,13.0,4.0,0 days 00:59:59.911000,SOFT,1,1,0 days 01:00:14.115000,18.2,23.8,49.0,1017.2,1.5,58,False,57,1,False
2024,Bahrain Grand Prix,SAI,1.0,14,1.0,14.0,4.0,0 days 00:59:59.911000,SOFT,1,1,0 days 01:00:14.115000,18.2,23.8,49.0,1017.2,1.5,58,False,57,1,False
2024,Bahrain Grand Prix,PIA,1.0,12,1.0,12.0,4.0,0 days 00:59:59.911000,SOFT,1,1,0 days 01:00:14.115000,18.2,23.8,49.0,1017.2,1.5,58,False,57,1,False
2024,Bahrain Grand Prix,PER,1.0,12,1.0,12.0,4.0,0 days 00:59:59.911000,SOFT,1,1,0 days 01:00:14.115000,18.2,23.8,49.0,1017.2,1.5,58,False,57,1,False
2024,Bahrain Grand Prix,OCO,1.0,10,1.0,10.0,1.0,0 days 00:59:59.911000,SOFT,1,1,0 days 01:00:14.115000,18.2,23.8,49.0,1017.2,1.5,58,False,57,1,False
2024,Bahrain Grand Prix,SAR,1.0,10,1.0,10.0,1.0,0 days 00:59:59.911000,SOFT,1,1,0 days 01:00:14.115000,18.2,23.8,49.0,1017.2,1.5,58,False,57,1,False
2024,Bahrain Grand Prix,NOR,1.0,13,1.0,13.0,4.0,0 days 00:59:59.911000,SOFT,1,1,0 days 01:00:14.115000,18.2,23.8,49.0,1017.2,1.5,58,False,57,1,False
2024,Bahrain Grand Prix,MAG,1.0,11,1.0,11.0,1.0,0 days 00:59:59.911000,SOFT,1,1,0 days 01:00:14.115000,18.2,23.8,49.0,1017.2,1.5,58,False,57,1,False
2024,Bahrain Grand Prix,STR,1.0,9,1.0,9.0,1.0,0 days 00:59:59.911000,SOFT,1,1,0 days 01:00:14.115000,18.2,23.8,49.0,1017.2,1.5,58,False,57,1,False
2024,Bahrain Grand Prix,HUL,1.0,1,1.0,1.0,1.0,0 days 00:59:59.911000,SOFT,1,1,0 days 01:00:14.115000,18.2,23.8,49.0,1017.2,1.5,58,False,57,1,False
2024,Bahrain Grand Prix,HAM,1.0,12,1.0,12.0,4.0,0 days 00:59:59.911000,SOFT,1,1,0 days 01:00:14.115000,18.2,23.8,49.0,1017.2,1.5,58,False,57,1,False
2024,Bahrain Grand Prix,LEC,1.0,11,1.0,11.0,4.0,0 days 00:59:59.911000,SOFT,1,1,0 days 01:00:14.115000,18.2,23.8,49.0,1017.2,1.5,58,False,57,1,False
2024,Bahrain Grand Prix,RUS,1.0,11,1.0,11.0,4.0,0 days 00:59:59.911000,SOFT,1,1,0 days 01:00:14.115000,18.2,23.8,49.0,1017.2,1.5,58,False,57,1,False
2024,Bahrain Grand Prix,ALO,1.0,15,1.0,15.0,4.0,0 days 00:59:59.911000,SOFT,1,1,0 days 01:00:14.115000,18.2,23.8,49.0,1017.2,1.5,58,False,57,1,False
2024,Bahrain Grand Prix,BOT,1.0,12,1.0,12.0,1.0,0 days 00:59:59.911000,SOFT,1,1,0 days 01:00:14.115000,18.2,23.8,49.0,1017.2,1.5,58,False,57,1,False
2024,Bahrain Grand Prix,TSU,1.0,14,1.0,14.0,1.0,0 days 00:59:59.911000,SOFT,1,1,0 days 01:00:14.115000,18.2,23.8,49.0,1017.2,1.5,58,False,57,1,False
2024,Bahrain Grand Prix,VER,1.0,17,1.0,17.0,4.0,0 days 00:59:59.911000,SOFT,1,1,0 days 01:00:14.115000,18.2,23.8,49.0,1017.2,1.5,58,False,57,1,False
2024,Bahrain Grand Prix,GAS,1.0,12,1.0,12.0,1.0,0 days 00:59:59.911000,SOFT,1,1,0 days 01:00:14.115000,18.2,23.8,49.0,1017.2,1.5,58,False,57,1,False
2024,Bahrain Grand Prix,ZHO,1.0,9,1.0,9.0,1.0,0 days 00:59:59.911000,SOFT,1,1,0 days 01:00:14.115000,18.2,23.8,49.0,1017.2,1.5,58,False,57,1,False
2024,Bahrain Grand Prix,HUL,2.0,19,2.0,20.0,1.0,0 days 01:01:53.760000,HARD,1,1,0 days 01:02:14.121000,18.3,23.8,49.0,1017.0,1.1,33,False,57,1,False
2024,Bahrain Grand Prix,ZHO,2.0,19,10.0,28.0,1.0,0 days 01:14:59.234000,HARD,1,1,0 days 01:15:14.132000,18.2,23.5,50.0,1017.2,0.5,330,False,57,1,False
2024,Bahrain Grand Prix,STR,2.0,18,10.0,27.0,1.0,0 days 01:15:02.437000,HARD,1,1,0 days 01:15:14.132000,18.2,23.5,50.0,1017.2,0.5,330,False,57,1,False
2024,Bahrain Grand Prix,OCO,2.0,20,11.0,30.0,1.0,0 days 01:16:40.394000,HARD,1,1,0 days 01:16:14.177000,18.2,23.5,50.0,1017.2,0.5,330,False,57,1,False
2024,Bahrain Grand Prix,SAR,2.0,18,11.0,28.0,1.0,0 days 01:17:39.304000,HARD,1,1,0 days 01:17:14.141000,18.2,23.4,50.0,1017.2,0.6,155,False,57,1,False
2024,Bahrain Grand Prix,RUS,2.0,20,12.0,31.0,1.0,0 days 01:17:58.083000,HARD,1,1,0 days 01:18:14.133000,18.2,23.5,50.0,1017.2,0.5,157,False,57,1,False
2024,Bahrain Grand Prix,LEC,2.0,23,12.0,34.0,1.0,0 days 01:18:01.623000,HARD,1,1,0 days 01:18:14.133000,18.2,23.5,50.0,1017.2,0.5,157,False,57,1,False
2024,Bahrain Grand Prix,MAG,2.0,21,12.0,32.0,1.0,0 days 01:18:15.392000,HARD,1,1,0 days 01:18:14.133000,18.2,23.5,50.0,1017.2,0.5,157,False,57,1,False
2024,Bahrain Grand Prix,PER,2.0,24,13.0,36.0,1.0,0 days 01:19:36.683000,HARD,1,1,0 days 01:19:14.137000,18.3,23.6,50.0,1017.2,0.5,354,False,57,1,False
2024,Bahrain Grand Prix,PIA,2.0,22,13.0,34.0,1.0,0 days 01:19:44.324000,HARD,1,1,0 days 01:20:14.140000,18.3,23.5,50.0,1017.2,0.4,42,False,57,1,False
2024,Bahrain Grand Prix,HAM,2.0,21,13.0,33.0,1.0,0 days 01:19:46.590000,HARD,1,1,0 days 01:20:14.140000,18.3,23.5,50.0,1017.2,0.4,42,False,57,1,False
2024,Bahrain Grand Prix,GAS,2.0,19,13.0,31.0,1.0,0 days 01:19:58.372000,HARD,1,1,0 days 01:20:14.140000,18.3,23.5,50.0,1017.2,0.4,42,False,57,1,False
2024,Bahrain Grand Prix,BOT,2.0,18,13.0,30.0,1.0,0 days 01:20:02.264000,HARD,1,1,0 days 01:20:14.140000,18.3,23.5,50.0,1017.2,0.4,42,False,57,1,False
2024,Bahrain Grand Prix,NOR,2.0,20,14.0,33.0,1.0,0 days 01:21:20.193000,HARD,1,1,0 days 01:21:14.145000,18.2,23.4,50.0,1017.1,1.0,123,False,57,1,False
2024,Bahrain Grand Prix,RIC,2.0,22,14.0,35.0,1.0,0 days 01:21:37.086000,HARD,1,1,0 days 01:21:14.145000,18.2,23.4,50.0,1017.1,1.0,123,False,57,1,False
2024,Bahrain Grand Prix,SAI,2.0,21,15.0,35.0,1.0,0 days 01:22:52.561000,HARD,1,1,0 days 01:23:14.142000,18.1,23.5,50.0,1017.1,0.4,0,False,57,1,False
2024,Bahrain Grand Prix,TSU,2.0,20,15.0,34.0,1.0,0 days 01:23:07.711000,HARD,1,1,0 days 01:23:14.142000,18.1,23.5,50.0,1017.1,0.4,0,False,57,1,False
2024,Bahrain Grand Prix,ALO,2.0,26,16.0,41.0,1.0,0 days 01:24:43.800000,HARD,1,1,0 days 01:24:14.131000,18.1,23.3,50.0,1017.2,0.0,179,False,57,1,False
2024,Bahrain Grand Prix,ALB,2.0,21,16.0,36.0,1.0,0 days 01:24:48.907000,HARD,1,1,0 days 01:25:14.135000,18.1,23.2,50.0,1017.2,0.4,236,False,57,1,False
2024,Bahrain Grand Prix,VER,2.0,20,18.0,37.0,1.0,0 days 01:27:31.964000,HARD,1,1,0 days 01:27:14.137000,18.1,23.4,51.0,1017.1,0.7,178,False,57,1,False
2024,Bahrain Grand Prix,HUL,3.0,21,21.0,41.0,1.0,0 days 01:33:28.348000,HARD,1,1,0 days 01:33:14.145000,18.1,23.1,50.0,1017.2,0.5,65,False,57,1,False
2024,Bahrain Grand Prix,STR,3.0,30,28.0,57.0,1.0,0 days 01:44:44.999000,HARD,1,0,0 days 01:45:14.166000,18.1,22.8,49.0,1017.3,0.6,55,False,57,0,True
2024,Bahrain Grand Prix,ZHO,3.0,28,29.0,56.0,1.0,0 days 01:46:19.514000,HARD,1,0,0 days 01:46:14.151000,18.1,22.8,49.0,1017.2,0.8,0,False,57,0,True
2024,Bahrain Grand Prix,SAR,3.0,12,29.0,40.0,1.0,0 days 01:47:53.625000,HARD,1,1,0 days 01:48:14.196000,18.0,22.7,49.0,1017.2,0.7,28,False,57,1,False
2024,Bahrain Grand Prix,OCO,3.0,26,31.0,56.0,1.0,0 days 01:49:49.891000,HARD,1,0,0 days 01:50:14.198000,18.0,22.7,49.0,1017.3,0.5,53,False,57,0,True
2024,Bahrain Grand Prix,BOT,3.0,26,31.0,56.0,1.0,0 days 01:49:51.985000,HARD,1,0,0 days 01:50:14.198000,18.0,22.7,49.0,1017.3,0.5,53,False,57,0,True
2024,Bahrain Grand Prix,RUS,3.0,26,32.0,57.0,1.0,0 days 01:50:41.467000,HARD,1,0,0 days 01:50:14.198000,18.0,22.7,49.0,1017.3,0.5,53,False,57,0,True
2024,Bahrain Grand Prix,GAS,3.0,12,32.0,43.0,1.0,0 days 01:51:30.743000,HARD,1,1,0 days 01:51:14.211000,18.0,22.7,49.0,1017.2,0.6,30,False,57,1,False
2024,Bahrain Grand Prix,MAG,3.0,24,33.0,56.0,1.0,0 days 01:52:57.075000,HARD,1,0,0 days 01:53:14.241000,18.0,22.7,49.0,1017.3,0.7,28,False,57,0,True
2024,Bahrain Grand Prix,NOR,3.0,24,34.0,57.0,1.0,0 days 01:53:59.395000,HARD,1,0,0 days 01:54:14.250000,18.0,22.7,49.0,1017.3,0.7,27,False,57,0,True
2024,Bahrain Grand Prix,HAM,3.0,24,34.0,57.0,1.0,0 days 01:54:05.765000,HARD,1,0,0 days 01:54:14.250000,18.0,22.7,49.0,1017.3,0.7,27,False,57,0,True
2024,Bahrain Grand Prix,LEC,3.0,23,35.0,57.0,1.0,0 days 01:55:33.563000,HARD,1,0,0 days 01:55:14.254000,17.9,22.7,49.0,1017.3,0.0,29,False,57,0,True
2024,Bahrain Grand Prix,PIA,3.0,23,35.0,57.0,1.0,0 days 01:55:40.187000,HARD,1,0,0 days 01:55:14.254000,17.9,22.7,49.0,1017.3,0.0,29,False,57,0,True
2024,Bahrain Grand Prix,TSU,3.0,22,35.0,56.0,1.0,0 days 01:56:06.795000,HARD,1,0,0 days 01:56:14.267000,18.0,22.7,49.0,1017.4,0.6,328,False,57,0,True
2024,Bahrain Grand Prix,SAI,3.0,22,36.0,57.0,1.0,0 days 01:56:58.352000,HARD,1,0,0 days 01:57:14.264000,18.0,22.6,49.0,1017.4,0.7,132,False,57,0,True
2024,Bahrain Grand Prix,RIC,3.0,21,36.0,56.0,1.0,0 days 01:57:53.932000,SOFT,1,0,0 days 01:58:14.274000,18.0,22.6,50.0,1017.4,0.7,41,False,57,0,True
2024,Bahrain Grand Prix,PER,3.0,21,37.0,57.0,1.0,0 days 01:58:31.852000,SOFT,1,0,0 days 01:58:14.274000,18.0,22.6,50.0,1017.4,0.7,41,False,57,0,True
2024,Bahrain Grand Prix,ALB,3.0,20,37.0,56.0,1.0,0 days 01:59:29.747000,HARD,1,0,0 days 01:59:14.291000,18.0,22.6,50.0,1017.5,0.9,13,False,57,0,True
2024,Bahrain Grand Prix,VER,3.0,20,38.0,57.0,1.0,0 days 01:59:49.491000,SOFT,1,0,0 days 02:00:14.284000,17.9,22.5,50.0,1017.4,0.4,156,False,57,0,True
2024,Bahrain Grand Prix,ALO,3.0,16,42.0,57.0,1.0,0 days 02:07:18.049000,HARD,1,0,0 days 02:07:14.293000,17.9,22.4,50.0,1017.4,0.4,0,False,57,0,True
2024,Bahrain Grand Prix,SAR,4.0,15,41.0,55.0,1.0,0 days 02:07:41.776000,SOFT,1,0,0 days 02:07:14.293000,17.9,22.4,50.0,1017.4,0.4,0,False,57,0,False
2024,Bahrain Grand Prix,HUL,4.0,15,42.0,56.0,2.0,0 days 02:07:49.567000,SOFT,1,0,0 days 02:08:14.284000,17.9,22.4,50.0,1017.4,0.0,50,False,57,0,True
2024,Bahrain Grand Prix,GAS,4.0,13,44.0,56.0,1.0,0 days 02:11:15.213000,SOFT,1,0,0 days 02:11:14.294000,17.9,22.2,50.0,1017.4,0.4,1,False,57,0,True
2024,Spanish Grand Prix,ALB,1.0,18,1.0,18.0,1.0,0 days 00:56:57.095000,MEDIUM,1,1,0 days 00:57:20.846000,24.3,40.9,66.0,1001.3,3.8,238,False,66,1,False
2024,Spanish Grand Prix,ZHO,1.0,9,1.0,9.0,1.0,0 days 00:56:57.095000,SOFT,1,1,0 days 00:57:20.846000,24.3,40.9,66.0,1001.3,3.8,238,False,66,1,False
2024,Spanish Grand Prix,VER,1.0,17,1.0,17.0,4.0,0 days 00:56:57.095000,SOFT,1,1,0 days 00:57:20.846000,24.3,40.9,66.0,1001.3,3.8,238,False,66,1,False
2024,Spanish Grand Prix,TSU,1.0,9,1.0,9.0,1.0,0 days 00:56:57.095000,SOFT,1,1,0 days 00:57:20.846000,24.3,40.9,66.0,1001.3,3.8,238,False,66,1,False
2024,Spanish Grand Prix,STR,1.0,17,1.0,17.0,1.0,0 days 00:56:57.095000,SOFT,1,1,0 days 00:57:20.846000,24.3,40.9,66.0,1001.3,3.8,238,False,66,1,False
2024,Spanish Grand Prix,SAR,1.0,14,1.0,14.0,1.0,0 days 00:56:57.095000,SOFT,1,1,0 days 00:57:20.846000,24.3,40.9,66.0,1001.3,3.8,238,False,66,1,False
2024,Spanish Grand Prix,SAI,1.0,15,1.0,15.0,1.0,0 days 00:56:57.095000,SOFT,1,1,0 days 00:57:20.846000,24.3,40.9,66.0,1001.3,3.8,238,False,66,1,False
2024,Spanish Grand Prix,RUS,1.0,15,1.0,15.0,4.0,0 days 00:56:57.095000,SOFT,1,1,0 days 00:57:20.846000,24.3,40.9,66.0,1001.3,3.8,238,False,66,1,False
2024,Spanish Grand Prix,RIC,1.0,16,1.0,16.0,1.0,0 days 00:56:57.095000,SOFT,1,1,0 days 00:57:20.846000,24.3,40.9,66.0,1001.3,3.8,238,False,66,1,False
2024,Spanish Grand Prix,PIA,1.0,21,1.0,21.0,4.0,0 days 00:56:57.095000,SOFT,1,1,0 days 00:57:20.846000,24.3,40.9,66.0,1001.3,3.8,238,False,66,1,False
2024,Spanish Grand Prix,OCO,1.0,13,1.0,13.0,4.0,0 days 00:56:57.095000,SOFT,1,1,0 days 00:57:20.846000,24.3,40.9,66.0,1001.3,3.8,238,False,66,1,False
2024,Spanish Grand Prix,NOR,1.0,23,1.0,23.0,1.0,0 days 00:56:57.095000,SOFT,1,1,0 days 00:57:20.846000,24.3,40.9,66.0,1001.3,3.8,238,False,66,1,False
2024,Spanish Grand Prix,MAG,1.0,10,1.0,10.0,1.0,0 days 00:56:57.095000,SOFT,1,1,0 days 00:57:20.846000,24.3,40.9,66.0,1001.3,3.8,238,False,66,1,False
2024,Spanish Grand Prix,LEC,1.0,24,1.0,24.0,1.0,0 days 00:56:57.095000,SOFT,1,1,0 days 00:57:20.846000,24.3,40.9,66.0,1001.3,3.8,238,False,66,1,False
2024,Spanish Grand Prix,HUL,1.0,12,1.0,12.0,1.0,0 days 00:56:57.095000,SOFT,1,1,0 days 00:57:20.846000,24.3,40.9,66.0,1001.3,3.8,238,False,66,1,False
2024,Spanish Grand Prix,PER,1.0,13,1.0,13.0,4.0,0 days 00:56:57.095000,SOFT,1,1,0 days 00:57:20.846000,24.3,40.9,66.0,1001.3,3.8,238,False,66,1,False
2024,Spanish Grand Prix,ALO,1.0,19,1.0,19.0,1.0,0 days 00:56:57.095000,SOFT,1,1,0 days 00:57:20.846000,24.3,40.9,66.0,1001.3,3.8,238,False,66,1,False
2024,Spanish Grand Prix,HAM,1.0,16,1.0,16.0,4.0,0 days 00:56:57.095000,SOFT,1,1,0 days 00:57:20.846000,24.3,40.9,66.0,1001.3,3.8,238,False,66,1,False
2024,Spanish Grand Prix,BOT,1.0,11,1.0,11.0,1.0,0 days 00:56:57.095000,SOFT,1,1,0 days 00:57:20.846000,24.3,40.9,66.0,1001.3,3.8,238,False,66,1,False
2024,Spanish Grand Prix,GAS,1.0,14,1.0,14.0,4.0,0 days 00:56:57.095000,SOFT,1,1,0 days 00:57:20.846000,24.3,40.9,66.0,1001.3,3.8,238,False,66,1,False
2024,Spanish Grand Prix,ZHO,2.0,32,10.0,41.0,1.0,0 days 01:09:32.970000,MEDIUM,1,1,0 days 01:09:20.952000,24.2,42.5,65.0,1001.3,1.7,247,False,66,1,False
2024,Spanish Grand Prix,TSU,2.0,18,10.0,27.0,1.0,0 days 01:09:34.543000,MEDIUM,1,1,0 days 01:09:20.952000,24.2,42.5,65.0,1001.3,1.7,247,False,66,1,False
2024,Spanish Grand Prix,MAG,2.0,19,11.0,29.0,1.0,0 days 01:10:53.967000,MEDIUM,1,1,0 days 01:11:20.962000,24.1,42.3,64.0,1001.2,1.8,254,False,66,1,False
2024,Spanish Grand Prix,BOT,2.0,17,12.0,28.0,4.0,0 days 01:12:14.190000,SOFT,1,1,0 days 01:12:20.978000,24.2,41.8,64.0,1001.3,1.9,233,False,66,1,False
2024,Spanish Grand Prix,HUL,2.0,26,13.0,38.0,1.0,0 days 01:13:30.601000,MEDIUM,1,1,0 days 01:13:20.972000,24.3,41.6,65.0,1001.3,1.9,256,False,66,1,False
2024,Spanish Grand Prix,OCO,2.0,24,14.0,37.0,1.0,0 days 01:14:49.078000,MEDIUM,1,1,0 days 01:14:20.992000,24.4,41.6,64.0,1001.3,1.8,70,False,66,1,False
2024,Spanish Grand Prix,PER,2.0,18,14.0,31.0,4.0,0 days 01:14:51.261000,SOFT,1,1,0 days 01:15:20.982000,24.4,42.3,64.0,1001.3,1.3,211,False,66,1,False
2024,Spanish Grand Prix,GAS,2.0,24,15.0,38.0,1.0,0 days 01:16:05.541000,MEDIUM,1,1,0 days 01:16:20.993000,24.3,42.4,64.0,1001.2,1.3,232,False,66,1,False
2024,Spanish Grand Prix,SAR,2.0,20,15.0,34.0,1.0,0 days 01:16:30.900000,MEDIUM,1,1,0 days 01:16:20.993000,24.3,42.4,64.0,1001.2,1.3,232,False,66,1,False
2024,Spanish Grand Prix,RUS,2.0,21,16.0,36.0,1.0,0 days 01:17:19.558000,MEDIUM,1,1,0 days 01:17:20.984000,24.3,42.3,63.0,1001.2,1.7,264,False,66,1,False
2024,Spanish Grand Prix,SAI,2.0,21,16.0,36.0,1.0,0 days 01:17:22.804000,MEDIUM,1,1,0 days 01:17:20.984000,24.3,42.3,63.0,1001.2,1.7,264,False,66,1,False
2024,Spanish Grand Prix,HAM,2.0,27,17.0,43.0,1.0,0 days 01:18:43.562000,MEDIUM,1,1,0 days 01:18:21.009000,24.4,41.7,63.0,1001.3,1.3,256,False,66,1,False
2024,Spanish Grand Prix,RIC,2.0,26,17.0,42.0,1.0,0 days 01:19:10.030000,MEDIUM,1,1,0 days 01:19:21.011000,24.6,41.0,62.0,1001.3,1.9,284,False,66,1,False
2024,Spanish Grand Prix,VER,2.0,27,18.0,44.0,1.0,0 days 01:19:57.540000,MEDIUM,1,1,0 days 01:20:21.005000,24.7,40.6,62.0,1001.3,1.4,233,False,66,1,False
2024,Spanish Grand Prix,STR,2.0,20,18.0,37.0,2.0,0 days 01:20:25.367000,MEDIUM,1,1,0 days 01:20:21.005000,24.7,40.6,62.0,1001.3,1.4,233,False,66,1,False
2024,Spanish Grand Prix,ALB,2.0,25,19.0,43.0,1.0,0 days 01:22:01.148000,SOFT,1,1,0 days 01:22:21.047000,24.3,39.2,62.0,1001.2,1.9,196,False,66,1,False
2024,Spanish Grand Prix,ALO,2.0,26,20.0,45.0,2.0,0 days 01:23:11.364000,MEDIUM,1,1,0 days 01:23:21.047000,24.1,39.2,65.0,1001.2,1.2,99,False,66,1,False
2024,Spanish Grand Prix,PIA,2.0,25,22.0,46.0,1.0,0 days 01:25:40.788000,MEDIUM,1,1,0 days 01:25:21.081000,23.9,39.7,63.0,1001.4,1.2,232,False,66,1,False
2024,Spanish Grand Prix,NOR,2.0,24,24.0,47.0,1.0,0 days 01:28:07.295000,MEDIUM,1,1,0 days 01:28:21.124000,23.8,42.7,62.0,1001.3,0.7,107,False,66,1,False
2024,Spanish Grand Prix,LEC,2.0,23,25.0,47.0,1.0,0 days 01:29:35.137000,MEDIUM,1,1,0 days 01:29:21.130000,24.0,42.3,62.0,1001.3,2.5,137,False,66,1,False
2024,Spanish Grand Prix,TSU,3.0,17,28.0,44.0,1.0,0 days 01:34:30.670000,HARD,1,1,0 days 01:34:21.147000,24.2,42.0,62.0,1001.3,0.7,197,False,66,1,False
2024,Spanish Grand Prix,BOT,3.0,37,29.0,65.0,1.0,0 days 01:35:44.083000,HARD,1,0,0 days 01:35:21.144000,24.2,42.6,62.0,1001.3,0.7,123,False,66,0,True
2024,Spanish Grand Prix,MAG,3.0,36,30.0,65.0,1.0,0 days 01:37:08.415000,HARD,1,0,0 days 01:37:21.180000,24.3,42.7,62.0,1001.4,1.6,182,False,66,0,True
2024,Spanish Grand Prix,PER,3.0,18,32.0,49.0,1.0,0 days 01:39:29.478000,MEDIUM,1,1,0 days 01:39:21.184000,24.1,41.8,61.0,1001.2,1.4,70,False,66,1,False
2024,Spanish Grand Prix,SAR,3.0,30,35.0,64.0,1.0,0 days 01:44:14.546000,HARD,1,0,0 days 01:44:21.204000,24.3,40.1,62.0,1001.4,0.5,0,False,66,0,False
2024,Spanish Grand Prix,RUS,3.0,30,37.0,66.0,1.0,0 days 01:45:47.494000,HARD,1,0,0 days 01:45:21.219000,24.1,40.2,62.0,1001.4,1.3,0,False,66,0,True
2024,Spanish Grand Prix,SAI,3.0,30,37.0,66.0,1.0,0 days 01:45:51.312000,HARD,1,0,0 days 01:46:21.223000,24.0,40.9,63.0,1001.5,1.4,264,False,66,0,True
2024,Spanish Grand Prix,OCO,3.0,29,38.0,66.0,1.0,0 days 01:47:39.784000,HARD,1,0,0 days 01:47:21.223000,24.1,41.5,62.0,1001.3,1.6,177,False,66,0,True
2024,Spanish Grand Prix,STR,3.0,28,38.0,65.0,2.0,0 days 01:47:52.626000,HARD,1,0,0 days 01:48:21.235000,24.1,41.5,62.0,1001.4,1.1,43,False,66,0,True
2024,Spanish Grand Prix,GAS,3.0,28,39.0,66.0,1.0,0 days 01:48:51.990000,HARD,1,0,0 days 01:49:21.245000,24.1,41.2,61.0,1001.2,0.8,134,False,66,0,True
2024,Spanish Grand Prix,HUL,3.0,28,39.0,66.0,1.0,0 days 01:49:03.697000,HARD,1,0,0 days 01:49:21.245000,24.1,41.2,61.0,1001.2,0.8,134,False,66,0,True
2024,Spanish Grand Prix,ZHO,3.0,24,42.0,65.0,1.0,0 days 01:53:17.225000,HARD,1,0,0 days 01:53:21.392000,23.9,39.7,64.0,1001.2,1.5,259,False,66,0,True
2024,Spanish Grand Prix,RIC,3.0,23,43.0,65.0,1.0,0 days 01:54:47.521000,HARD,1,0,0 days 01:54:21.397000,23.9,39.5,63.0,1001.2,0.7,238,False,66,0,True
2024,Spanish Grand Prix,HAM,3.0,23,44.0,66.0,4.0,0 days 01:55:07.367000,SOFT,1,0,0 days 01:55:21.396000,23.9,39.5,63.0,1001.3,1.0,250,False,66,0,True
2024,Spanish Grand Prix,VER,3.0,22,45.0,66.0,1.0,0 days 01:56:15.577000,SOFT,1,0,0 days 01:56:21.400000,23.9,40.0,64.0,1001.2,1.6,165,False,66,0,True
2024,Spanish Grand Prix,ALB,3.0,22,44.0,65.0,1.0,0 days 01:56:19.710000,SOFT,1,0,0 days 01:56:21.400000,23.9,40.0,64.0,1001.2,1.6,165,False,66,0,True
2024,Spanish Grand Prix,TSU,4.0,21,45.0,65.0,1.0,0 days 01:57:51.801000,SOFT,1,0,0 days 01:58:21.399000,23.9,41.1,64.0,1001.2,1.3,291,False,66,0,True
2024,Spanish Grand Prix,ALO,3.0,20,46.0,65.0,2.0,0 days 01:58:40.129000,HARD,1,0,0 days 01:58:21.399000,23.9,41.1,64.0,1001.2,1.3,291,False,66,0,True
2024,Spanish Grand Prix,PIA,3.0,20,47.0,66.0,4.0,0 days 01:59:23.268000,SOFT,1,0,0 days 01:59:21.401000,24.1,42.5,62.0,1001.2,0.8,238,False,66,0,True
2024,Spanish Grand Prix,NOR,3.0,19,48.0,66.0,4.0,0 days 02:00:17.500000,SOFT,1,0,0 days 02:00:21.399000,24.1,42.7,61.0,1001.1,2.1,169,False,66,0,True
2024,Spanish Grand Prix,LEC,3.0,19,48.0,66.0,4.0,0 days 02:00:30.269000,SOFT,1,0,0 days 02:00:21.399000,24.1,42.7,61.0,1001.1,2.1,169,False,66,0,True
2024,Spanish Grand Prix,PER,4.0,17,50.0,66.0,4.0,0 days 02:03:38.616000,SOFT,1,0,0 days 02:03:21.398000,24.2,41.9,61.0,1001.2,2.5,225,False,66,0,True
2024,British Grand Prix,ALB,1.0,27,1.0,27.0,1.0,0 days 00:58:15.512000,MEDIUM,1,1,0 days 00:58:05.468000,16.1,33.0,64.0,992.0,1.6,275,False,52,1,False
2024,British Grand Prix,OCO,1.0,19,1.0,19.0,1.0,0 days 00:58:15.512000,SOFT,1,1,0 days 00:58:05.468000,16.1,33.0,64.0,992.0,1.6,275,False,52,1,False
2024,British Grand Prix,PER,1.0,19,1.0,19.0,1.0,0 days 00:58:15.512000,HARD,1,1,0 days 00:58:05.468000,16.1,33.0,64.0,992.0,1.6,275,False,52,1,False
2024,British Grand Prix,LEC,1.0,19,1.0,19.0,1.0,0 days 00:58:15.512000,MEDIUM,1,1,0 days 00:58:05.468000,16.1,33.0,64.0,992.0,1.6,275,False,52,1,False
2024,British Grand Prix,PIA,1.0,28,1.0,28.0,1.0,0 days 00:58:15.512000,MEDIUM,1,1,0 days 00:58:05.468000,16.1,33.0,64.0,992.0,1.6,275,False,52,1,False
2024,British Grand Prix,RIC,1.0,26,1.0,26.0,1.0,0 days 00:58:15.512000,MEDIUM,1,1,0 days 00:58:05.468000,16.1,33.0,64.0,992.0,1.6,275,False,52,1,False
2024,British Grand Prix,HUL,1.0,26,1.0,26.0,1.0,0 days 00:58:15.512000,MEDIUM,1,1,0 days 00:58:05.468000,16.1,33.0,64.0,992.0,1.6,275,False,52,1,False
2024,British Grand Prix,RUS,1.0,27,1.0,27.0,1.0,0 days 00:58:15.512000,MEDIUM,1,1,0 days 00:58:05.468000,16.1,33.0,64.0,992.0,1.6,275,False,52,1,False
2024,British Grand Prix,MAG,1.0,27,1.0,27.0,1.0,0 days 00:58:15.512000,MEDIUM,1,1,0 days 00:58:05.468000,16.1,33.0,64.0,992.0,1.6,275,False,52,1,False
2024,British Grand Prix,SAI,1.0,26,1.0,26.0,1.0,0 days 00:58:15.512000,MEDIUM,1,1,0 days 00:58:05.468000,16.1,33.0,64.0,992.0,1.6,275,False,52,1,False
2024,British Grand Prix,SAR,1.0,27,1.0,27.0,1.0,0 days 00:58:15.512000,MEDIUM,1,1,0 days 00:58:05.468000,16.1,33.0,64.0,992.0,1.6,275,False,52,1,False
2024,British Grand Prix,STR,1.0,26,1.0,26.0,1.0,0 days 00:58:15.512000,MEDIUM,1,1,0 days 00:58:05.468000,16.1,33.0,64.0,992.0,1.6,275,False,52,1,False
2024,British Grand Prix,BOT,1.0,26,1.0,26.0,1.0,0 days 00:58:15.512000,MEDIUM,1,1,0 days 00:58:05.468000,16.1,33.0,64.0,992.0,1.6,275,False,52,1,False
2024,British Grand Prix,TSU,1.0,27,1.0,27.0,1.0,0 days 00:58:15.512000,MEDIUM,1,1,0 days 00:58:05.468000,16.1,33.0,64.0,992.0,1.6,275,False,52,1,False
2024,British Grand Prix,VER,1.0,26,1.0,26.0,1.0,0 days 00:58:15.512000,MEDIUM,1,1,0 days 00:58:05.468000,16.1,33.0,64.0,992.0,1.6,275,False,52,1,False
2024,British Grand Prix,ALO,1.0,27,1.0,27.0,1.0,0 days 00:58:15.512000,MEDIUM,1,1,0 days 00:58:05.468000,16.1,33.0,64.0,992.0,1.6,275,False,52,1,False
2024,British Grand Prix,ZHO,1.0,12,1.0,12.0,1.0,0 days 00:58:15.512000,SOFT,1,1,0 days 00:58:05.468000,16.1,33.0,64.0,992.0,1.6,275,False,52,1,False
2024,British Grand Prix,HAM,1.0,27,1.0,27.0,1.0,0 days 00:58:15.512000,MEDIUM,1,1,0 days 00:58:05.468000,16.1,33.0,64.0,992.0,1.6,275,False,52,1,False
2024,British Grand Prix,NOR,1.0,27,1.0,27.0,1.0,0 days 00:58:15.512000,MEDIUM,1,1,0 days 00:58:05.468000,16.1,33.0,64.0,992.0,1.6,275,False,52,1,False
2024,British Grand Prix,ZHO,2.0,7,13.0,19.0,1.0,0 days 01:17:16.535000,MEDIUM,1,1,0 days 01:17:05.584000,16.7,24.9,60.0,992.0,1.8,240,False,52,1,False
2024,British Grand Prix,LEC,2.0,8,20.0,27.0,1.0,0 days 01:28:00.884000,INTERMEDIATE,1,1,0 days 01:28:05.648000,16.1,22.5,67.0,992.2,0.7,230,True,52,1,False
2024,British Grand Prix,PER,2.0,9,20.0,28.0,1.0,0 days 01:28:08.918000,INTERMEDIATE,1,1,0 days 01:28:05.648000,16.1,22.5,67.0,992.2,0.7,230,True,52,1,False
2024,British Grand Prix,OCO,2.0,2,20.0,21.0,1.0,0 days 01:28:31.047000,INTERMEDIATE,1,1,0 days 01:28:05.648000,16.1,22.5,67.0,992.2,0.7,230,True,52,1,False
2024,British Grand Prix,ZHO,3.0,7,20.0,26.0,1.0,0 days 01:28:55.771000,INTERMEDIATE,1,1,0 days 01:29:05.647000,15.9,22.3,67.0,992.1,1.6,299,True,52,1,False
2024,British Grand Prix,OCO,3.0,5,22.0,26.0,1.0,0 days 01:32:11.808000,MEDIUM,1,1,0 days 01:32:05.714000,15.2,22.0,68.0,992.1,0.7,266,True,52,1,False
2024,British Grand Prix,VER,2.0,12,27.0,38.0,1.0,0 days 01:38:50.516000,INTERMEDIATE,1,1,0 days 01:39:05.756000,15.1,21.4,68.0,992.2,0.7,272,True,52,1,False
2024,British Grand Prix,SAI,2.0,13,27.0,39.0,1.0,0 days 01:38:51.822000,INTERMEDIATE,1,1,0 days 01:39:05.756000,15.1,21.4,68.0,992.2,0.7,272,True,52,1,False
2024,British Grand Prix,HUL,2.0,13,27.0,39.0,1.0,0 days 01:39:08.720000,INTERMEDIATE,1,1,0 days 01:39:05.756000,15.1,21.4,68.0,992.2,0.7,272,True,52,1,False
2024,British Grand Prix,STR,2.0,13,27.0,39.0,1.0,0 days 01:39:10.815000,INTERMEDIATE,1,1,0 days 01:39:05.756000,15.1,21.4,68.0,992.2,0.7,272,True,52,1,False
2024,British Grand Prix,RIC,2.0,11,27.0,37.0,1.0,0 days 01:39:33.277000,INTERMEDIATE,1,1,0 days 01:39:05.756000,15.1,21.4,68.0,992.2,0.7,272,True,52,1,False
2024,British Grand Prix,BOT,2.0,11,27.0,37.0,1.0,0 days 01:39:51.397000,INTERMEDIATE,1,1,0 days 01:40:05.753000,15.1,21.2,68.0,992.3,0.6,267,True,52,1,False
2024,British Grand Prix,NOR,2.0,12,28.0,39.0,1.0,0 days 01:40:23.109000,INTERMEDIATE,1,1,0 days 01:40:05.753000,15.1,21.2,68.0,992.3,0.6,267,True,52,1,False
2024,British Grand Prix,HAM,2.0,11,28.0,38.0,1.0,0 days 01:40:26.353000,INTERMEDIATE,1,1,0 days 01:40:05.753000,15.1,21.2,68.0,992.3,0.6,267,True,52,1,False
2024,British Grand Prix,RUS,2.0,6,28.0,33.0,1.0,0 days 01:40:30.229000,INTERMEDIATE,1,1,0 days 01:40:05.753000,15.1,21.2,68.0,992.3,0.6,267,True,52,0,False
2024,British Grand Prix,ALO,2.0,11,28.0,38.0,1.0,0 days 01:41:00.920000,INTERMEDIATE,1,1,0 days 01:41:05.769000,15.0,21.1,70.0,992.3,1.0,141,True,52,1,False
2024,British Grand Prix,TSU,2.0,11,28.0,38.0,1.0,0 days 01:41:02.175000,INTERMEDIATE,1,1,0 days 01:41:05.769000,15.0,21.1,70.0,992.3,1.0,141,True,52,1,False
2024,British Grand Prix,ALB,2.0,11,28.0,38.0,1.0,0 days 01:41:02.888000,INTERMEDIATE,1,1,0 days 01:41:05.769000,15.0,21.1,70.0,992.3,1.0,141,True,52,1,False
2024,British Grand Prix,OCO,4.0,12,27.0,38.0,1.0,0 days 01:41:06.651000,INTERMEDIATE,1,1,0 days 01:41:05.769000,15.0,21.1,70.0,992.3,1.0,141,True,52,1,False
2024,British Grand Prix,MAG,2.0,10,28.0,37.0,1.0,0 days 01:41:08.979000,INTERMEDIATE,1,1,0 days 01:41:05.769000,15.0,21.1,70.0,992.3,1.0,141,True,52,1,False
2024,British Grand Prix,SAR,2.0,11,28.0,38.0,1.0,0 days 01:41:11.149000,INTERMEDIATE,1,1,0 days 01:41:05.769000,15.0,21.1,70.0,992.3,1.0,141,True,52,1,False
2024,British Grand Prix,ZHO,4.0,11,27.0,37.0,1.0,0 days 01:41:48.840000,INTERMEDIATE,1,1,0 days 01:42:05.769000,15.0,21.0,69.0,992.4,0.9,236,True,52,1,False
2024,British Grand Prix,PIA,2.0,10,29.0,38.0,1.0,0 days 01:42:21.631000,INTERMEDIATE,1,1,0 days 01:42:05.769000,15.0,21.0,69.0,992.4,0.9,236,True,52,1,False
2024,British Grand Prix,LEC,3.0,10,28.0,37.0,1.0,0 days 01:42:27.544000,INTERMEDIATE,1,1,0 days 01:42:05.769000,15.0,21.0,69.0,992.4,0.9,236,True,52,1,False
2024,British Grand Prix,PER,3.0,9,29.0,37.0,1.0,0 days 01:44:22.769000,INTERMEDIATE,1,1,0 days 01:44:05.797000,14.9,20.7,70.0,992.5,0.9,240,True,52,1,False
2024,British Grand Prix,MAG,3.0,15,38.0,52.0,1.0,0 days 01:58:51.004000,SOFT,1,0,0 days 01:59:05.921000,14.6,24.2,76.0,992.6,1.9,237,True,52,0,True
2024,British Grand Prix,RIC,3.0,14,38.0,51.0,1.0,0 days 01:58:53.976000,SOFT,1,0,0 days 01:59:05.921000,14.6,24.2,76.0,992.6,1.9,237,True,52,0,True
2024,British Grand Prix,BOT,3.0,14,38.0,51.0,1.0,0 days 01:59:14.991000,SOFT,1,0,0 days 01:59:05.921000,14.6,24.2,76.0,992.6,1.9,237,True,52,0,True
2024,British Grand Prix,HAM,3.0,14,39.0,52.0,2.0,0 days 01:59:18.437000,SOFT,1,0,0 days 01:59:05.921000,14.6,24.2,76.0,992.6,1.9,237,True,52,0,True
2024,British Grand Prix,VER,3.0,14,39.0,52.0,1.0,0 days 01:59:23.927000,HARD,1,0,0 days 01:59:05.921000,14.6,24.2,76.0,992.6,1.9,237,True,52,0,True
2024,British Grand Prix,PIA,3.0,14,39.0,52.0,1.0,0 days 01:59:38.454000,MEDIUM,1,0,0 days 02:00:05.915000,14.6,24.6,78.0,992.5,1.4,245,False,52,0,True
2024,British Grand Prix,LEC,4.0,14,38.0,51.0,1.0,0 days 01:59:50.012000,SOFT,1,0,0 days 02:00:05.915000,14.6,24.6,78.0,992.5,1.4,245,False,52,0,True
2024,British Grand Prix,PER,4.0,10,38.0,47.0,1.0,0 days 02:00:08.648000,MEDIUM,1,1,0 days 02:00:05.915000,14.6,24.6,78.0,992.5,1.4,245,False,52,1,False
2024,British Grand Prix,ALO,3.0,14,39.0,52.0,1.0,0 days 02:00:12.314000,MEDIUM,1,0,0 days 02:00:05.915000,14.6,24.6,78.0,992.5,1.4,245,False,52,0,True
2024,British Grand Prix,TSU,3.0,14,39.0,52.0,1.0,0 days 02:00:17.328000,SOFT,1,0,0 days 02:00:05.915000,14.6,24.6,78.0,992.5,1.4,245,False,52,0,True
2024,British Grand Prix,ALB,3.0,14,39.0,52.0,1.0,0 days 02:00:20.306000,MEDIUM,1,0,0 days 02:00:05.915000,14.6,24.6,78.0,992.5,1.4,245,False,52,0,True
2024,British Grand Prix,SAR,3.0,14,39.0,52.0,1.0,0 days 02:00:33.078000,SOFT,1,0,0 days 02:00:05.915000,14.6,24.6,78.0,992.5,1.4,245,False,52,0,True
2024,British Grand Prix,NOR,3.0,13,40.0,52.0,3.0,0 days 02:00:54.027000,SOFT,1,0,0 days 02:01:05.920000,14.8,24.6,75.0,992.4,1.2,265,False,52,0,True
2024,British Grand Prix,ZHO,5.0,13,38.0,50.0,2.0,0 days 02:01:10.138000,SOFT,1,0,0 days 02:01:05.920000,14.8,24.6,75.0,992.4,1.2,265,False,52,0,False
2024,British Grand Prix,SAI,3.0,11,40.0,50.0,1.0,0 days 02:01:15.553000,HARD,1,1,0 days 02:01:05.920000,14.8,24.6,75.0,992.4,1.2,265,False,52,1,False
2024,British Grand Prix,HUL,3.0,13,40.0,52.0,4.0,0 days 02:01:37.994000,SOFT,1,0,0 days 02:02:05.931000,15.1,24.4,74.0,992.6,0.8,196,False,52,0,True
2024,British Grand Prix,STR,3.0,13,40.0,52.0,1.0,0 days 02:01:42.693000,MEDIUM,1,0,0 days 02:02:05.931000,15.1,24.4,74.0,992.6,0.8,196,False,52,0,True
2024,British Grand Prix,OCO,5.0,12,39.0,50.0,1.0,0 days 02:02:02.179000,MEDIUM,1,0,0 days 02:02:05.931000,15.1,24.4,74.0,992.6,0.8,196,False,52,0,False
2024,British Grand Prix,PER,5.0,3,48.0,50.0,1.0,0 days 02:15:48.234000,SOFT,1,0,0 days 02:16:06.076000,15.8,25.2,69.0,992.4,1.8,222,False,52,0,False
2024,British Grand Prix,SAI,4.0,2,51.0,52.0,4.0,0 days 02:18:09.282000,SOFT,1,0,0 days 02:18:06.090000,15.9,25.5,69.0,992.5,1.4,230,False,52,0,True
2024,Canadian Grand Prix,ALB,1.0,25,1.0,25.0,1.0,0 days 00:04:05.608000,INTERMEDIATE,1,1,0 days 00:04:06.621000,16.3,20.7,77.0,996.3,1.4,58,True,70,1,False
2024,Canadian Grand Prix,TSU,1.0,44,1.0,44.0,1.0,0 days 00:04:05.608000,INTERMEDIATE,1,1,0 days 00:04:06.621000,16.3,20.7,77.0,996.3,1.4,58,True,70,1,False
2024,Canadian Grand Prix,STR,1.0,25,1.0,25.0,1.0,0 days 00:04:05.608000,INTERMEDIATE,1,1,0 days 00:04:06.621000,16.3,20.7,77.0,996.3,1.4,58,True,70,1,False
2024,Canadian Grand Prix,SAR,1.0,24,1.0,24.0,1.0,0 days 00:04:05.608000,INTERMEDIATE,1,0,0 days 00:04:06.621000,16.3,20.7,77.0,996.3,1.4,58,True,70,0,False
2024,Canadian Grand Prix,SAI,1.0,25,1.0,25.0,1.0,0 days 00:04:05.608000,INTERMEDIATE,1,1,0 days 00:04:06.621000,16.3,20.7,77.0,996.3,1.4,58,True,70,1,False
2024,Canadian Grand Prix,RUS,1.0,25,1.0,25.0,1.0,0 days 00:04:05.608000,INTERMEDIATE,1,1,0 days 00:04:06.621000,16.3,20.7,77.0,996.3,1.4,58,True,70,1,False
2024,Canadian Grand Prix,RIC,1.0,26,1.0,26.0,1.0,0 days 00:04:05.608000,INTERMEDIATE,1,1,0 days 00:04:06.621000,16.3,20.7,77.0,996.3,1.4,58,True,70,1,False
2024,Canadian Grand Prix,PIA,1.0,25,1.0,25.0,1.0,0 days 00:04:05.608000,INTERMEDIATE,1,1,0 days 00:04:06.621000,16.3,20.7,77.0,996.3,1.4,58,True,70,1,False
2024,Canadian Grand Prix,PER,1.0,25,1.0,25.0,1.0,0 days 00:04:05.608000,INTERMEDIATE,1,1,0 days 00:04:06.621000,16.3,20.7,77.0,996.3,1.4,58,True,70,1,False
2024,Canadian Grand Prix,OCO,1.0,44,1.0,44.0,1.0,0 days 00:04:05.608000,INTERMEDIATE,1,1,0 days 00:04:06.621000,16.3,20.7,77.0,996.3,1.4,58,True,70,1,False
2024,Canadian Grand Prix,VER,1.0,25,1.0,25.0,1.0,0 days 00:04:05.608000,INTERMEDIATE,1,1,0 days 00:04:06.621000,16.3,20.7,77.0,996.3,1.4,58,True,70,1,False
2024,Canadian Grand Prix,ZHO,1.0,24,1.0,24.0,1.0,0 days 00:04:05.608000,INTERMEDIATE,1,1,0 days 00:04:06.621000,16.3,20.7,77.0,996.3,1.4,58,True,70,1,False
2024,Canadian Grand Prix,MAG,1.0,7,1.0,7.0,1.0,0 days 00:04:05.608000,WET,1,1,0 days 00:04:06.621000,16.3,20.7,77.0,996.3,1.4,58,True,70,1,False
2024,Canadian Grand Prix,LEC,1.0,25,1.0,25.0,1.0,0 days 00:04:05.608000,INTERMEDIATE,1,1,0 days 00:04:06.621000,16.3,20.7,77.0,996.3,1.4,58,True,70,1,False
2024,Canadian Grand Prix,HUL,1.0,12,1.0,12.0,1.0,0 days 00:04:05.608000,WET,1,1,0 days 00:04:06.621000,16.3,20.7,77.0,996.3,1.4,58,True,70,1,False
2024,Canadian Grand Prix,NOR,1.0,26,1.0,26.0,1.0,0 days 00:04:05.608000,INTERMEDIATE,1,1,0 days 00:04:06.621000,16.3,20.7,77.0,996.3,1.4,58,True,70,1,False
2024,Canadian Grand Prix,ALO,1.0,25,1.0,25.0,1.0,0 days 00:04:05.608000,INTERMEDIATE,1,1,0 days 00:04:06.621000,16.3,20.7,77.0,996.3,1.4,58,True,70,1,False
2024,Canadian Grand Prix,BOT,1.0,42,1.0,42.0,1.0,0 days 00:04:05.608000,INTERMEDIATE,1,1,0 days 00:04:06.621000,16.3,20.7,77.0,996.3,1.4,58,True,70,1,False
2024,Canadian Grand Prix,GAS,1.0,25,1.0,25.0,1.0,0 days 00:04:05.608000,INTERMEDIATE,1,1,0 days 00:04:06.621000,16.3,20.7,77.0,996.3,1.4,58,True,70,1,False
2024,Canadian Grand Prix,HAM,1.0,25,1.0,25.0,1.0,0 days 00:04:05.608000,INTERMEDIATE,1,1,0 days 00:04:06.621000,16.3,20.7,77.0,996.3,1.4,58,True,70,1,False
2024,Canadian Grand Prix,MAG,2.0,18,8.0,25.0,1.0,0 days 00:15:49.241000,INTERMEDIATE,1,1,0 days 00:16:06.694000,16.0,20.5,80.0,996.3,1.3,313,True,70,1,False
2024,Canadian Grand Prix,HUL,2.0,13,13.0,25.0,1.0,0 days 00:23:50.715000,INTERMEDIATE,1,1,0 days 00:24:06.715000,17.5,25.8,72.0,996.3,1.1,185,False,70,1,False
2024,Canadian Grand Prix,ZHO,2.0,20,25.0,44.0,1.0,0 days 00:42:01.271000,INTERMEDIATE,1,1,0 days 00:42:06.765000,18.5,25.2,70.0,996.3,1.0,47,False,70,1,False
2024,Canadian Grand Prix,VER,2.0,20,26.0,45.0,1.0,0 days 00:42:09.229000,INTERMEDIATE,1,1,0 days 00:42:06.765000,18.5,25.2,70.0,996.3,1.0,47,False,70,1,False
2024,Canadian Grand Prix,RUS,2.0,20,26.0,45.0,1.0,0 days 00:42:09.508000,INTERMEDIATE,1,1,0 days 00:42:06.765000,18.5,25.2,70.0,996.3,1.0,47,False,70,1,False
2024,Canadian Grand Prix,PIA,2.0,19,26.0,44.0,1.0,0 days 00:42:10.551000,INTERMEDIATE,1,1,0 days 00:42:06.765000,18.5,25.2,70.0,996.3,1.0,47,False,70,1,False
2024,Canadian Grand Prix,HAM,2.0,18,26.0,43.0,1.0,0 days 00:42:30.319000,INTERMEDIATE,1,1,0 days 00:42:06.765000,18.5,25.2,70.0,996.3,1.0,47,False,70,1,False
2024,Canadian Grand Prix,ALO,2.0,19,26.0,44.0,1.0,0 days 00:42:31.622000,INTERMEDIATE,1,1,0 days 00:42:06.765000,18.5,25.2,70.0,996.3,1.0,47,False,70,1,False
2024,Canadian Grand Prix,STR,2.0,19,26.0,44.0,1.0,0 days 00:43:04.421000,INTERMEDIATE,1,1,0 days 00:43:06.779000,18.3,24.5,71.0,996.3,1.1,337,False,70,1,False
2024,Canadian Grand Prix,ALB,2.0,19,26.0,44.0,1.0,0 days 00:43:12.394000,INTERMEDIATE,1,1,0 days 00:43:06.779000,18.3,24.5,71.0,996.3,1.1,337,False,70,1,False
2024,Canadian Grand Prix,LEC,2.0,3,26.0,28.0,1.0,0 days 00:43:15.585000,INTERMEDIATE,1,1,0 days 00:43:06.779000,18.3,24.5,71.0,996.3,1.1,337,False,70,1,False
2024,Canadian Grand Prix,SAI,2.0,18,26.0,43.0,1.0,0 days 00:43:22.487000,INTERMEDIATE,1,1,0 days 00:43:06.779000,18.3,24.5,71.0,996.3,1.1,337,False,70,1,False
2024,Canadian Grand Prix,MAG,3.0,16,26.0,41.0,1.0,0 days 00:43:23.291000,INTERMEDIATE,1,1,0 days 00:43:06.779000,18.3,24.5,71.0,996.3,1.1,337,False,70,1,False
2024,Canadian Grand Prix,GAS,2.0,15,26.0,40.0,1.0,0 days 00:43:24.286000,INTERMEDIATE,1,1,0 days 00:43:06.779000,18.3,24.5,71.0,996.3,1.1,337,False,70,1,False
2024,Canadian Grand Prix,PER,2.0,18,26.0,43.0,1.0,0 days 00:43:35.992000,INTERMEDIATE,1,1,0 days 00:43:06.779000,18.3,24.5,71.0,996.3,1.1,337,False,70,1,False
2024,Canadian Grand Prix,HUL,3.0,19,26.0,44.0,1.0,0 days 00:43:39.236000,INTERMEDIATE,1,1,0 days 00:44:06.764000,18.2,24.4,71.0,996.3,0.7,0,False,70,1,False
2024,Canadian Grand Prix,NOR,2.0,21,27.0,47.0,1.0,0 days 00:44:00.643000,INTERMEDIATE,1,1,0 days 00:44:06.764000,18.2,24.4,71.0,996.3,0.7,0,False,70,1,False
2024,Canadian Grand Prix,RIC,2.0,17,27.0,43.0,1.0,0 days 00:45:00.325000,INTERMEDIATE,1,1,0 days 00:45:06.769000,18.2,24.3,71.0,996.2,0.7,42,False,70,1,False
2024,Canadian Grand Prix,LEC,3.0,3,29.0,31.0,1.0,0 days 00:49:11.217000,HARD,1,1,0 days 00:49:06.798000,18.0,22.8,70.0,996.2,1.8,195,True,70,1,False
2024,Canadian Grand Prix,LEC,4.0,10,32.0,41.0,1.0,0 days 00:54:49.489000,INTERMEDIATE,1,1,0 days 00:55:06.799000,17.6,22.0,74.0,996.2,1.1,166,True,70,0,False
2024,Canadian Grand Prix,GAS,3.0,30,41.0,70.0,1.0,0 days 01:07:13.123000,HARD,1,0,0 days 01:07:06.863000,17.2,21.3,76.0,996.0,0.8,51,False,70,0,True
2024,Canadian Grand Prix,MAG,4.0,13,42.0,54.0,1.0,0 days 01:08:41.951000,MEDIUM,1,1,0 days 01:09:06.873000,17.3,22.9,75.0,996.1,1.2,43,False,70,1,False
2024,Canadian Grand Prix,BOT,2.0,28,43.0,70.0,1.0,0 days 01:10:03.248000,MEDIUM,1,0,0 days 01:10:06.857000,17.5,23.9,77.0,996.1,0.5,342,False,70,0,True
2024,Canadian Grand Prix,HAM,3.0,11,44.0,54.0,1.0,0 days 01:11:04.020000,MEDIUM,1,1,0 days 01:11:06.863000,17.7,24.9,77.0,996.1,0.8,187,False,70,1,False
2024,Canadian Grand Prix,RIC,3.0,27,44.0,70.0,2.0,0 days 01:11:27.266000,MEDIUM,1,0,0 days 01:11:06.863000,17.7,24.9,77.0,996.1,0.8,187,False,70,0,True
2024,Canadian Grand Prix,SAI,3.0,10,44.0,53.0,1.0,0 days 01:11:29.314000,MEDIUM,1,1,0 days 01:11:06.863000,17.7,24.9,77.0,996.1,0.8,187,False,70,0,False
2024,Canadian Grand Prix,PER,3.0,9,44.0,52.0,1.0,0 days 01:11:30.211000,MEDIUM,1,1,0 days 01:11:06.863000,17.7,24.9,77.0,996.1,0.8,187,False,70,0,False
2024,Canadian Grand Prix,PIA,3.0,26,45.0,70.0,1.0,0 days 01:12:26.390000,MEDIUM,1,0,0 days 01:12:06.872000,17.9,25.7,75.0,996.1,0.5,237,False,70,0,True
2024,Canadian Grand Prix,ALO,3.0,26,45.0,70.0,1.0,0 days 01:12:40.923000,HARD,1,0,0 days 01:13:06.864000,18.2,25.9,76.0,996.1,0.6,52,False,70,0,True
2024,Canadian Grand Prix,TSU,2.0,26,45.0,70.0,1.0,0 days 01:12:45.030000,MEDIUM,1,0,0 days 01:13:06.864000,18.2,25.9,76.0,996.1,0.6,52,False,70,0,True
2024,Canadian Grand Prix,STR,3.0,26,45.0,70.0,2.0,0 days 01:12:48.076000,HARD,1,0,0 days 01:13:06.864000,18.2,25.9,76.0,996.1,0.6,52,False,70,0,True
2024,Canadian Grand Prix,OCO,2.0,26,45.0,70.0,1.0,0 days 01:12:49.583000,MEDIUM,1,0,0 days 01:13:06.864000,18.2,25.9,76.0,996.1,0.6,52,False,70,0,True
2024,Canadian Grand Prix,ALB,3.0,9,45.0,53.0,1.0,0 days 01:12:52.190000,MEDIUM,1,0,0 days 01:13:06.864000,18.2,25.9,76.0,996.1,0.6,52,False,70,0,False
2024,Canadian Grand Prix,HUL,4.0,26,45.0,70.0,1.0,0 days 01:13:00.941000,MEDIUM,1,0,0 days 01:13:06.864000,18.2,25.9,76.0,996.1,0.6,52,False,70,0,True
2024,Canadian Grand Prix,VER,3.0,25,46.0,70.0,1.0,0 days 01:13:46.139000,MEDIUM,1,0,0 days 01:14:06.868000,18.4,26.1,74.0,996.2,0.8,4,False,70,0,True
2024,Canadian Grand Prix,RUS,3.0,9,46.0,54.0,1.0,0 days 01:13:50.193000,HARD,1,1,0 days 01:14:06.868000,18.4,26.1,74.0,996.2,0.8,4,False,70,1,False
2024,Canadian Grand Prix,ZHO,3.0,8,45.0,52.0,1.0,0 days 01:13:52.301000,MEDIUM,1,1,0 days 01:14:06.868000,18.4,26.1,74.0,996.2,0.8,4,False,70,1,False
2024,Canadian Grand Prix,NOR,3.0,23,48.0,70.0,1.0,0 days 01:16:36.016000,MEDIUM,1,0,0 days 01:16:06.885000,18.5,26.9,75.0,996.1,1.2,338,False,70,0,True
2024,Canadian Grand Prix,ZHO,4.0,17,53.0,69.0,1.0,0 days 01:26:23.881000,MEDIUM,1,0,0 days 01:26:06.961000,18.9,27.0,72.0,996.1,1.1,225,False,70,0,True
2024,Canadian Grand Prix,RUS,4.0,16,55.0,70.0,1.0,0 days 01:26:40.508000,MEDIUM,1,0,0 days 01:27:06.970000,18.9,27.0,70.0,996.1,1.0,190,False,70,0,True
2024,Canadian Grand Prix,HAM,4.0,16,55.0,70.0,1.0,0 days 01:26:46.575000,HARD,1,0,0 days 01:27:06.970000,18.9,27.0,70.0,996.1,1.0,190,False,70,0,True
2024,Canadian Grand Prix,MAG,5.0,16,55.0,70.0,1.0,0 days 01:27:44.838000,MEDIUM,1,0,0 days 01:28:06.978000,19.0,26.8,69.0,996.0,2.0,237,False,70,0,True
2023,Italian Grand Prix,ALB,1.0,15,1.0,15.0,4.0,0 days 01:22:21.726000,MEDIUM,1,1,0 days 01:22:36.257000,29.2,42.5,41.0,1000.4,1.3,341,False,51,1,False
2023,Italian Grand Prix,STR,1.0,20,1.0,20.0,1.0,0 days 01:22:21.726000,MEDIUM,1,1,0 days 01:22:36.257000,29.2,42.5,41.0,1000.4,1.3,341,False,51,1,False
2023,Italian Grand Prix,SAR,1.0,14,1.0,14.0,4.0,0 days 01:22:21.726000,MEDIUM,1,1,0 days 01:22:36.257000,29.2,42.5,41.0,1000.4,1.3,341,False,51,1,False
2023,Italian Grand Prix,SAI,1.0,19,1.0,19.0,1.0,0 days 01:22:21.726000,MEDIUM,1,1,0 days 01:22:36.257000,29.2,42.5,41.0,1000.4,1.3,341,False,51,1,False
2023,Italian Grand Prix,RUS,1.0,19,1.0,19.0,1.0,0 days 01:22:21.726000,MEDIUM,1,1,0 days 01:22:36.257000,29.2,42.5,41.0,1000.4,1.3,341,False,51,1,False
2023,Italian Grand Prix,PIA,1.0,23,1.0,23.0,1.0,0 days 01:22:21.726000,MEDIUM,1,1,0 days 01:22:36.257000,29.2,42.5,41.0,1000.4,1.3,341,False,51,1,False
2023,Italian Grand Prix,PER,1.0,21,1.0,21.0,1.0,0 days 01:22:21.726000,MEDIUM,1,1,0 days 01:22:36.257000,29.2,42.5,41.0,1000.4,1.3,341,False,51,1,False
2023,Italian Grand Prix,OCO,1.0,24,1.0,24.0,1.0,0 days 01:22:21.726000,MEDIUM,1,1,0 days 01:22:36.257000,29.2,42.5,41.0,1000.4,1.3,341,False,51,1,False
2023,Italian Grand Prix,NOR,1.0,22,1.0,22.0,1.0,0 days 01:22:21.726000,MEDIUM,1,1,0 days 01:22:36.257000,29.2,42.5,41.0,1000.4,1.3,341,False,51,1,False
2023,Italian Grand Prix,LEC,1.0,20,1.0,20.0,1.0,0 days 01:22:21.726000,MEDIUM,1,1,0 days 01:22:36.257000,29.2,42.5,41.0,1000.4,1.3,341,False,51,1,False
2023,Italian Grand Prix,LAW,1.0,13,1.0,13.0,4.0,0 days 01:22:21.726000,MEDIUM,1,1,0 days 01:22:36.257000,29.2,42.5,41.0,1000.4,1.3,341,False,51,1,False
2023,Italian Grand Prix,ZHO,1.0,11,1.0,11.0,1.0,0 days 01:22:21.726000,MEDIUM,1,1,0 days 01:22:36.257000,29.2,42.5,41.0,1000.4,1.3,341,False,51,1,False
2023,Italian Grand Prix,MAG,1.0,12,1.0,12.0,5.0,0 days 01:22:21.726000,HARD,1,1,0 days 01:22:36.257000,29.2,42.5,41.0,1000.4,1.3,341,False,51,1,False
2023,Italian Grand Prix,HUL,1.0,14,1.0,14.0,4.0,0 days 01:22:21.726000,MEDIUM,1,1,0 days 01:22:36.257000,29.2,42.5,41.0,1000.4,1.3,341,False,51,1,False
2023,Italian Grand Prix,ALO,1.0,21,1.0,21.0,1.0,0 days 01:22:21.726000,MEDIUM,1,1,0 days 01:22:36.257000,29.2,42.5,41.0,1000.4,1.3,341,False,51,1,False
2023,Italian Grand Prix,BOT,1.0,25,1.0,25.0,4.0,0 days 01:22:21.726000,HARD,1,1,0 days 01:22:36.257000,29.2,42.5,41.0,1000.4,1.3,341,False,51,1,False
2023,Italian Grand Prix,HAM,1.0,27,1.0,27.0,4.0,0 days 01:22:21.726000,HARD,1,1,0 days 01:22:36.257000,29.2,42.5,41.0,1000.4,1.3,341,False,51,1,False
2023,Italian Grand Prix,GAS,1.0,10,1.0,10.0,1.0,0 days 01:22:21.726000,MEDIUM,1,1,0 days 01:22:36.257000,29.2,42.5,41.0,1000.4,1.3,341,False,51,1,False
2023,Italian Grand Prix,VER,1.0,20,1.0,20.0,1.0,0 days 01:22:21.726000,MEDIUM,1,1,0 days 01:22:36.257000,29.2,42.5,41.0,1000.4,1.3,341,False,51,1,False
2023,Italian Grand Prix,GAS,2.0,21,11.0,31.0,4.0,0 days 01:37:10.801000,HARD,1,1,0 days 01:37:36.309000,29.9,43.9,41.0,1000.4,1.8,181,False,51,1,False
2023,Italian Grand Prix,ZHO,2.0,22,12.0,33.0,4.0,0 days 01:38:36.908000,HARD,1,1,0 days 01:38:36.324000,29.9,43.3,42.0,1000.4,1.7,8,False,51,1,False
2023,Italian Grand Prix,MAG,2.0,21,13.0,33.0,1.0,0 days 01:40:15.699000,MEDIUM,1,1,0 days 01:40:36.339000,29.9,43.7,41.0,1000.4,1.2,199,False,51,1,False
2023,Italian Grand Prix,LAW,2.0,20,14.0,33.0,4.0,0 days 01:41:30.256000,HARD,1,1,0 days 01:41:36.322000,30.1,43.7,40.0,1000.4,1.5,205,False,51,1,False
2023,Italian Grand Prix,HUL,2.0,25,15.0,39.0,6.0,0 days 01:42:59.660000,HARD,1,1,0 days 01:42:36.322000,30.0,43.7,42.0,1000.4,2.0,258,False,51,1,False
2023,Italian Grand Prix,SAR,2.0,37,15.0,51.0,4.0,0 days 01:43:00.702000,HARD,1,0,0 days 01:42:36.322000,30.0,43.7,42.0,1000.4,2.0,258,False,51,0,True
2023,Italian Grand Prix,ALB,2.0,36,16.0,51.0,4.0,0 days 01:44:16.732000,HARD,1,0,0 days 01:44:36.320000,30.0,43.9,40.0,1000.4,1.7,178,False,51,0,True
2023,Italian Grand Prix,SAI,2.0,32,20.0,51.0,1.0,0 days 01:49:55.293000,HARD,1,0,0 days 01:49:36.333000,29.9,44.3,40.0,1000.4,0.8,201,False,51,0,True
2023,Italian Grand Prix,RUS,2.0,32,20.0,51.0,4.0,0 days 01:49:59.273000,HARD,1,0,0 days 01:49:36.333000,29.9,44.3,40.0,1000.4,0.8,201,False,51,0,True
2023,Italian Grand Prix,VER,2.0,31,21.0,51.0,1.0,0 days 01:51:16.846000,HARD,1,0,0 days 01:51:36.331000,30.0,44.3,39.0,1000.2,1.2,82,False,51,0,True
2023,Italian Grand Prix,LEC,2.0,31,21.0,51.0,1.0,0 days 01:51:22.868000,HARD,1,0,0 days 01:51:36.331000,30.0,44.3,39.0,1000.2,1.2,82,False,51,0,True
2023,Italian Grand Prix,STR,2.0,31,21.0,51.0,5.0,0 days 01:51:53.600000,HARD,1,0,0 days 01:51:36.331000,30.0,44.3,39.0,1000.2,1.2,82,False,51,0,True
2023,Italian Grand Prix,PER,2.0,30,22.0,51.0,1.0,0 days 01:52:49.949000,HARD,1,0,0 days 01:52:36.346000,30.0,44.0,39.0,1000.2,1.3,145,False,51,0,True
2023,Italian Grand Prix,ALO,2.0,30,22.0,51.0,4.0,0 days 01:53:06.775000,HARD,1,0,0 days 01:53:36.330000,30.0,43.7,40.0,1000.2,1.7,134,False,51,0,True
2023,Italian Grand Prix,NOR,2.0,29,23.0,51.0,5.0,0 days 01:54:29.991000,HARD,1,0,0 days 01:54:36.329000,29.9,43.7,41.0,1000.2,1.3,178,False,51,0,True
2023,Italian Grand Prix,PIA,2.0,18,24.0,41.0,6.0,0 days 01:55:56.800000,HARD,1,1,0 days 01:55:36.344000,29.9,43.6,41.0,1000.2,1.5,210,False,51,1,False
2023,Italian Grand Prix,OCO,2.0,15,25.0,39.0,4.0,0 days 01:57:48.404000,HARD,1,1,0 days 01:57:36.327000,29.9,43.5,41.0,1000.4,1.7,177,False,51,0,False
2023,Italian Grand Prix,BOT,2.0,26,26.0,51.0,4.0,0 days 01:59:09.271000,MEDIUM,1,0,0 days 01:59:36.326000,29.9,43.4,39.0,1000.2,1.7,153,False,51,0,True
2023,Italian Grand Prix,HAM,2.0,24,28.0,51.0,1.0,0 days 02:01:49.221000,MEDIUM,1,0,0 days 02:01:36.340000,29.9,43.0,41.0,1000.2,1.2,174,False,51,0,True
2023,Italian Grand Prix,GAS,3.0,20,32.0,51.0,1.0,0 days 02:08:12.076000,MEDIUM,1,0,0 days 02:08:36.367000,29.9,42.6,41.0,1000.2,1.1,174,False,51,0,True
2023,Italian Grand Prix,LAW,3.0,18,34.0,51.0,4.0,0 days 02:10:59.476000,MEDIUM,1,0,0 days 02:10:36.397000,29.8,42.5,42.0,1000.2,1.5,164,False,51,0,True
2023,Italian Grand Prix,ZHO,3.0,18,34.0,51.0,1.0,0 days 02:11:02.006000,MEDIUM,1,0,0 days 02:10:36.397000,29.8,42.5,42.0,1000.2,1.5,164,False,51,0,True
2023,Italian Grand Prix,MAG,3.0,18,34.0,51.0,1.0,0 days 02:11:18.979000,MEDIUM,1,0,0 days 02:11:36.412000,29.8,42.6,41.0,1000.2,0.8,232,False,51,0,True
2023,Italian Grand Prix,HUL,3.0,12,40.0,51.0,4.0,0 days 02:19:55.698000,MEDIUM,1,0,0 days 02:19:36.438000,30.0,42.8,40.0,1000.4,1.7,205,False,51,0,True
2023,Italian Grand Prix,PIA,3.0,10,42.0,51.0,4.0,0 days 02:22:24.592000,MEDIUM,1,0,0 days 02:22:36.467000,30.3,42.5,39.0,1000.2,1.3,188,False,51,0,True
2024,Italian Grand Prix,ALB,1.0,17,1.0,17.0,1.0,0 days 00:55:50.494000,MEDIUM,1,1,0 days 00:55:26.380000,33.8,51.7,33.0,993.3,2.2,194,False,53,1,False
2024,Italian Grand Prix,RIC,1.0,11,1.0,11.0,1.0,0 days 00:55:50.494000,MEDIUM,1,1,0 days 00:55:26.380000,33.8,51.7,33.0,993.3,2.2,194,False,53,1,False
2024,Italian Grand Prix,OCO,1.0,31,1.0,31.0,1.0,0 days 00:55:50.494000,HARD,1,1,0 days 00:55:26.380000,33.8,51.7,33.0,993.3,2.2,194,False,53,1,False
2024,Italian Grand Prix,ZHO,1.0,15,1.0,15.0,2.0,0 days 00:55:50.494000,MEDIUM,1,1,0 days 00:55:26.380000,33.8,51.7,33.0,993.3,2.2,194,False,53,1,False
2024,Italian Grand Prix,NOR,1.0,14,1.0,14.0,1.0,0 days 00:55:50.494000,MEDIUM,1,1,0 days 00:55:26.380000,33.8,51.7,33.0,993.3,2.2,194,False,53,1,False
2024,Italian Grand Prix,MAG,1.0,14,1.0,14.0,1.0,0 days 00:55:50.494000,MEDIUM,1,1,0 days 00:55:26.380000,33.8,51.7,33.0,993.3,2.2,194,False,53,1,False
2024,Italian Grand Prix,LEC,1.0,15,1.0,15.0,1.0,0 days 00:55:50.494000,MEDIUM,1,1,0 days 00:55:26.380000,33.8,51.7,33.0,993.3,2.2,194,False,53,1,False
2024,Italian Grand Prix,HUL,1.0,5,1.0,5.0,1.0,0 days 00:55:50.494000,MEDIUM,1,1,0 days 00:55:26.380000,33.8,51.7,33.0,993.3,2.2,194,False,53,1,False
2024,Italian Grand Prix,PER,1.0,23,1.0,23.0,1.0,0 days 00:55:50.494000,HARD,1,1,0 days 00:55:26.380000,33.8,51.7,33.0,993.3,2.2,194,False,53,1,False
2024,Italian Grand Prix,HAM,1.0,15,1.0,15.0,1.0,0 days 00:55:50.494000,MEDIUM,1,1,0 days 00:55:26.380000,33.8,51.7,33.0,993.3,2.2,194,False,53,1,False
2024,Italian Grand Prix,RUS,1.0,11,1.0,11.0,1.0,0 days 00:55:50.494000,MEDIUM,1,1,0 days 00:55:26.380000,33.8,51.7,33.0,993.3,2.2,194,False,53,1,False
2024,Italian Grand Prix,PIA,1.0,16,1.0,16.0,1.0,0 days 00:55:50.494000,MEDIUM,1,1,0 days 00:55:26.380000,33.8,51.7,33.0,993.3,2.2,194,False,53,1,False
2024,Italian Grand Prix,GAS,1.0,10,1.0,10.0,1.0,0 days 00:55:50.494000,MEDIUM,1,1,0 days 00:55:26.380000,33.8,51.7,33.0,993.3,2.2,194,False,53,1,False
2024,Italian Grand Prix,VER,1.0,22,1.0,22.0,1.0,0 days 00:55:50.494000,HARD,1,1,0 days 00:55:26.380000,33.8,51.7,33.0,993.3,2.2,194,False,53,1,False
2024,Italian Grand Prix,SAI,1.0,19,1.0,19.0,1.0,0 days 00:55:50.494000,MEDIUM,1,1,0 days 00:55:26.380000,33.8,51.7,33.0,993.3,2.2,194,False,53,1,False
2024,Italian Grand Prix,COL,1.0,16,1.0,16.0,1.0,0 days 00:55:50.494000,MEDIUM,1,1,0 days 00:55:26.380000,33.8,51.7,33.0,993.3,2.2,194,False,53,1,False
2024,Italian Grand Prix,ALO,1.0,12,1.0,12.0,2.0,0 days 00:55:50.494000,MEDIUM,1,1,0 days 00:55:26.380000,33.8,51.7,33.0,993.3,2.2,194,False,53,1,False
2024,Italian Grand Prix,STR,1.0,19,1.0,19.0,2.0,0 days 00:55:50.494000,HARD,1,1,0 days 00:55:26.380000,33.8,51.7,33.0,993.3,2.2,194,False,53,1,False
2024,Italian Grand Prix,BOT,1.0,33,1.0,33.0,2.0,0 days 00:55:50.494000,HARD,1,1,0 days 00:55:26.380000,33.8,51.7,33.0,993.3,2.2,194,False,53,1,False
2024,Italian Grand Prix,TSU,1.0,7,1.0,7.0,2.0,0 days 00:55:50.494000,HARD,1,1,0 days 00:55:26.380000,33.8,51.7,33.0,993.3,2.2,194,False,53,0,False
2024,Italian Grand Prix,HUL,2.0,27,6.0,32.0,1.0,0 days 01:03:18.487000,HARD,1,1,0 days 01:03:26.395000,33.5,50.2,31.0,993.1,2.0,192,False,53,1,False
2024,Italian Grand Prix,GAS,2.0,20,11.0,30.0,1.0,0 days 01:10:28.643000,HARD,1,1,0 days 01:10:26.425000,33.2,48.4,31.0,993.1,1.5,197,False,53,1,False
2024,Italian Grand Prix,RUS,2.0,22,12.0,33.0,1.0,0 days 01:11:42.429000,HARD,1,1,0 days 01:11:26.432000,33.2,47.7,31.0,993.2,1.6,232,False,53,1,False
2024,Italian Grand Prix,RIC,2.0,42,12.0,53.0,2.0,0 days 01:11:51.853000,HARD,1,0,0 days 01:11:26.432000,33.2,47.7,31.0,993.2,1.6,232,False,53,0,True
2024,Italian Grand Prix,ALO,2.0,23,13.0,35.0,2.0,0 days 01:13:14.291000,HARD,1,1,0 days 01:13:26.449000,33.0,47.6,31.0,993.0,1.3,177,False,53,1,False
2024,Italian Grand Prix,NOR,2.0,18,15.0,32.0,1.0,0 days 01:15:47.040000,HARD,1,1,0 days 01:15:26.447000,32.9,48.0,31.0,993.0,2.3,197,False,53,1,False
2024,Italian Grand Prix,MAG,2.0,39,15.0,53.0,1.0,0 days 01:16:08.677000,HARD,1,0,0 days 01:16:26.443000,32.9,47.9,31.0,993.0,1.9,197,False,53,0,True
2024,Italian Grand Prix,LEC,2.0,38,16.0,53.0,1.0,0 days 01:17:12.468000,HARD,1,0,0 days 01:17:26.454000,32.8,47.9,31.0,993.0,2.0,197,False,53,0,True
2024,Italian Grand Prix,HAM,2.0,22,16.0,37.0,1.0,0 days 01:17:18.912000,HARD,1,1,0 days 01:17:26.454000,32.8,47.9,31.0,993.0,2.0,197,False,53,1,False
2024,Italian Grand Prix,ZHO,2.0,37,16.0,52.0,2.0,0 days 01:17:48.639000,HARD,1,0,0 days 01:17:26.454000,32.8,47.9,31.0,993.0,2.0,197,False,53,0,True
2024,Italian Grand Prix,PIA,2.0,22,17.0,38.0,1.0,0 days 01:18:33.968000,HARD,1,1,0 days 01:18:26.459000,32.8,47.8,30.0,993.1,1.9,195,False,53,1,False
2024,Italian Grand Prix,COL,2.0,37,17.0,53.0,1.0,0 days 01:19:10.930000,HARD,1,0,0 days 01:19:26.473000,32.9,47.5,31.0,993.0,1.4,178,False,53,0,True
2024,Italian Grand Prix,ALB,2.0,36,18.0,53.0,1.0,0 days 01:20:25.080000,HARD,1,0,0 days 01:20:26.496000,32.9,47.2,31.0,993.0,1.7,195,False,53,0,True
2024,Italian Grand Prix,SAI,2.0,34,20.0,53.0,1.0,0 days 01:22:57.959000,HARD,1,0,0 days 01:23:26.498000,32.8,46.6,31.0,993.0,1.6,200,False,53,0,True
2024,Italian Grand Prix,STR,2.0,17,20.0,36.0,3.0,0 days 01:23:27.564000,HARD,1,1,0 days 01:23:26.498000,32.8,46.6,31.0,993.0,1.6,200,False,53,1,False
2024,Italian Grand Prix,VER,2.0,19,23.0,41.0,1.0,0 days 01:27:17.186000,HARD,1,1,0 days 01:27:26.519000,32.7,46.1,31.0,993.0,1.5,177,False,53,1,False
2024,Italian Grand Prix,PER,2.0,12,24.0,35.0,1.0,0 days 01:28:46.215000,HARD,1,1,0 days 01:28:26.518000,32.6,45.9,31.0,993.0,1.2,190,False,53,1,False
2024,Italian Grand Prix,GAS,3.0,22,31.0,52.0,1.0,0 days 01:39:26.147000,HARD,1,0,0 days 01:39:26.535000,32.4,45.9,32.0,992.9,1.3,196,False,53,0,True
2024,Italian Grand Prix,OCO,2.0,21,32.0,52.0,1.0,0 days 01:40:40.544000,MEDIUM,1,0,0 days 01:40:26.538000,32.5,45.9,32.0,992.9,1.4,194,False,53,0,True
2024,Italian Grand Prix,NOR,3.0,21,33.0,53.0,1.0,0 days 01:41:19.552000,HARD,1,0,0 days 01:41:26.542000,32.5,45.7,32.0,993.0,1.4,198,False,53,0,True
2024,Italian Grand Prix,HUL,3.0,20,33.0,52.0,1.0,0 days 01:42:25.779000,HARD,1,0,0 days 01:42:26.545000,32.7,45.7,32.0,993.0,1.3,192,False,53,0,True
2024,Italian Grand Prix,RUS,3.0,20,34.0,53.0,1.0,0 days 01:43:11.740000,HARD,1,0,0 days 01:43:26.546000,32.7,45.5,32.0,992.9,1.7,202,False,53,0,True
2024,Italian Grand Prix,BOT,2.0,19,34.0,52.0,2.0,0 days 01:43:44.854000,MEDIUM,1,0,0 days 01:43:26.546000,32.7,45.5,32.0,992.9,1.7,202,False,53,0,True
2024,Italian Grand Prix,PER,3.0,18,36.0,53.0,1.0,0 days 01:45:58.276000,MEDIUM,1,0,0 days 01:46:26.548000,32.5,45.4,32.0,992.9,1.2,200,False,53,0,True
2024,Italian Grand Prix,ALO,3.0,18,36.0,53.0,3.0,0 days 01:46:15.305000,HARD,1,0,0 days 01:46:26.548000,32.5,45.4,32.0,992.9,1.2,200,False,53,0,True
2024,Italian Grand Prix,STR,3.0,14,37.0,50.0,2.0,0 days 01:47:56.486000,MEDIUM,1,1,0 days 01:47:26.554000,32.5,45.2,32.0,992.9,1.1,202,False,53,1,False
2024,Italian Grand Prix,HAM,3.0,16,38.0,53.0,1.0,0 days 01:48:31.525000,HARD,1,0,0 days 01:48:26.546000,32.5,45.2,31.0,993.0,1.5,187,False,53,0,True
2024,Italian Grand Prix,PIA,3.0,15,39.0,53.0,1.0,0 days 01:49:36.288000,HARD,1,0,0 days 01:49:26.539000,32.5,45.0,31.0,992.9,1.4,196,False,53,0,True
2024,Italian Grand Prix,VER,3.0,12,42.0,53.0,1.0,0 days 01:54:14.763000,MEDIUM,1,0,0 days 01:54:26.556000,32.4,44.5,32.0,993.0,1.3,180,False,53,0,True
2024,Italian Grand Prix,STR,4.0,2,51.0,52.0,1.0,0 days 02:08:01.775000,SOFT,1,0,0 days 02:08:26.615000,32.2,43.9,33.0,992.7,1.4,213,False,53,0,True
2024,Japanese Grand Prix,ALB,1.0,1,1.0,1.0,1.0,0 days 01:02:40.422000,SOFT,1,0,0 days 01:02:40.698000,22.3,40.0,42.0,1012.1,1.5,181,False,53,0,False
2024,Japanese Grand Prix,PER,1.0,1,1.0,1.0,1.0,0 days 01:02:40.422000,MEDIUM,1,1,0 days 01:02:40.698000,22.3,40.0,42.0,1012.1,1.5,181,False,53,1,False
2024,Japanese Grand Prix,MAG,1.0,1,1.0,1.0,1.0,0 days 01:02:40.422000,MEDIUM,1,1,0 days 01:02:40.698000,22.3,40.0,42.0,1012.1,1.5,181,False,53,1,False
2024,Japanese Grand Prix,PIA,1.0,1,1.0,1.0,1.0,0 days 01:02:40.422000,MEDIUM,1,1,0 days 01:02:40.698000,22.3,40.0,42.0,1012.1,1.5,181,False,53,1,False
2024,Japanese Grand Prix,LEC,1.0,1,1.0,1.0,1.0,0 days 01:02:40.422000,MEDIUM,1,1,0 days 01:02:40.698000,22.3,40.0,42.0,1012.1,1.5,181,False,53,1,False
2024,Japanese Grand Prix,RIC,1.0,1,1.0,1.0,1.0,0 days 01:02:40.422000,MEDIUM,1,0,0 days 01:02:40.698000,22.3,40.0,42.0,1012.1,1.5,181,False,53,0,False
2024,Japanese Grand Prix,RUS,1.0,1,1.0,1.0,1.0,0 days 01:02:40.422000,MEDIUM,1,1,0 days 01:02:40.698000,22.3,40.0,42.0,1012.1,1.5,181,False,53,1,False
2024,Japanese Grand Prix,HUL,1.0,1,1.0,1.0,1.0,0 days 01:02:40.422000,SOFT,1,1,0 days 01:02:40.698000,22.3,40.0,42.0,1012.1,1.5,181,False,53,1,False
2024,Japanese Grand Prix,SAI,1.0,1,1.0,1.0,1.0,0 days 01:02:40.422000,MEDIUM,1,1,0 days 01:02:40.698000,22.3,40.0,42.0,1012.1,1.5,181,False,53,1,False
2024,Japanese Grand Prix,NOR,1.0,1,1.0,1.0,1.0,0 days 01:02:40.422000,MEDIUM,1,1,0 days 01:02:40.698000,22.3,40.0,42.0,1012.1,1.5,181,False,53,1,False
2024,Japanese Grand Prix,HAM,1.0,1,1.0,1.0,1.0,0 days 01:02:40.422000,MEDIUM,1,1,0 days 01:02:40.698000,22.3,40.0,42.0,1012.1,1.5,181,False,53,1,False
2024,Japanese Grand Prix,SAR,1.0,1,1.0,1.0,1.0,0 days 01:02:40.422000,SOFT,1,1,0 days 01:02:40.698000,22.3,40.0,42.0,1012.1,1.5,181,False,53,1,False
2024,Japanese Grand Prix,BOT,1.0,1,1.0,1.0,1.0,0 days 01:02:40.422000,SOFT,1,1,0 days 01:02:40.698000,22.3,40.0,42.0,1012.1,1.5,181,False,53,1,False
2024,Japanese Grand Prix,ALO,1.0,1,1.0,1.0,1.0,0 days 01:02:40.422000,SOFT,1,1,0 days 01:02:40.698000,22.3,40.0,42.0,1012.1,1.5,181,False,53,1,False
2024,Japanese Grand Prix,ZHO,1.0,1,1.0,1.0,1.0,0 days 01:02:40.422000,MEDIUM,1,1,0 days 01:02:40.698000,22.3,40.0,42.0,1012.1,1.5,181,False,53,1,False
2024,Japanese Grand Prix,STR,1.0,1,1.0,1.0,1.0,0 days 01:02:40.422000,SOFT,1,1,0 days 01:02:40.698000,22.3,40.0,42.0,1012.1,1.5,181,False,53,1,False
2024,Japanese Grand Prix,VER,1.0,1,1.0,1.0,1.0,0 days 01:02:40.422000,MEDIUM,1,1,0 days 01:02:40.698000,22.3,40.0,42.0,1012.1,1.5,181,False,53,1,False
2024,Japanese Grand Prix,OCO,1.0,1,1.0,1.0,1.0,0 days 01:02:40.422000,SOFT,1,1,0 days 01:02:40.698000,22.3,40.0,42.0,1012.1,1.5,181,False,53,1,False
2024,Japanese Grand Prix,TSU,1.0,1,1.0,1.0,1.0,0 days 01:02:40.422000,MEDIUM,1,1,0 days 01:02:40.698000,22.3,40.0,42.0,1012.1,1.5,181,False,53,1,False
2024,Japanese Grand Prix,GAS,1.0,1,1.0,1.0,1.0,0 days 01:02:40.422000,SOFT,1,1,0 days 01:02:40.698000,22.3,40.0,42.0,1012.1,1.5,181,False,53,1,False
2024,Japanese Grand Prix,RUS,2.0,21,2.0,22.0,1.0,0 days 01:30:58.774000,HARD,1,1,0 days 01:30:40.842000,22.6,39.5,33.0,1012.2,3.1,191,False,53,1,False
2024,Japanese Grand Prix,SAI,2.0,14,2.0,15.0,1.0,0 days 01:30:58.774000,MEDIUM,1,1,0 days 01:30:40.842000,22.6,39.5,33.0,1012.2,3.1,191,False,53,1,False
2024,Japanese Grand Prix,VER,2.0,15,2.0,16.0,2.0,0 days 01:30:58.774000,MEDIUM,1,1,0 days 01:30:40.842000,22.6,39.5,33.0,1012.2,3.1,191,False,53,1,False
2024,Japanese Grand Prix,PIA,2.0,11,2.0,12.0,2.0,0 days 01:30:58.774000,MEDIUM,1,1,0 days 01:30:40.842000,22.6,39.5,33.0,1012.2,3.1,191,False,53,1,False
2024,Japanese Grand Prix,ZHO,2.0,6,2.0,7.0,1.0,0 days 01:30:58.774000,SOFT,1,1,0 days 01:30:40.842000,22.6,39.5,33.0,1012.2,3.1,191,False,53,1,False
2024,Japanese Grand Prix,STR,2.0,11,2.0,12.0,1.0,0 days 01:30:58.774000,SOFT,1,1,0 days 01:30:40.842000,22.6,39.5,33.0,1012.2,3.1,191,False,53,1,False
2024,Japanese Grand Prix,OCO,2.0,18,2.0,19.0,1.0,0 days 01:30:58.774000,HARD,1,1,0 days 01:30:40.842000,22.6,39.5,33.0,1012.2,3.1,191,False,53,1,False
2024,Japanese Grand Prix,TSU,2.0,6,2.0,7.0,4.0,0 days 01:30:58.774000,SOFT,1,1,0 days 01:30:40.842000,22.6,39.5,33.0,1012.2,3.1,191,False,53,1,False
2024,Japanese Grand Prix,SAR,2.0,21,2.0,22.0,1.0,0 days 01:30:58.774000,HARD,1,1,0 days 01:30:40.842000,22.6,39.5,33.0,1012.2,3.1,191,False,53,1,False
2024,Japanese Grand Prix,PER,2.0,14,2.0,15.0,2.0,0 days 01:30:58.774000,MEDIUM,1,1,0 days 01:30:40.842000,22.6,39.5,33.0,1012.2,3.1,191,False,53,1,False
2024,Japanese Grand Prix,NOR,2.0,10,2.0,11.0,2.0,0 days 01:30:58.774000,MEDIUM,1,1,0 days 01:30:40.842000,22.6,39.5,33.0,1012.2,3.1,191,False,53,1,False
2024,Japanese Grand Prix,HAM,2.0,22,2.0,23.0,1.0,0 days 01:30:58.774000,HARD,1,1,0 days 01:30:40.842000,22.6,39.5,33.0,1012.2,3.1,191,False,53,1,False
2024,Japanese Grand Prix,ALO,2.0,12,2.0,13.0,2.0,0 days 01:30:58.774000,SOFT,1,1,0 days 01:30:40.842000,22.6,39.5,33.0,1012.2,3.1,191,False,53,1,False
2024,Japanese Grand Prix,MAG,2.0,21,2.0,22.0,1.0,0 days 01:30:58.774000,MEDIUM,1,1,0 days 01:30:40.842000,22.6,39.5,33.0,1012.2,3.1,191,False,53,1,False
2024,Japanese Grand Prix,HUL,2.0,4,2.0,5.0,2.0,0 days 01:30:58.774000,SOFT,1,1,0 days 01:30:40.842000,22.6,39.5,33.0,1012.2,3.1,191,False,53,1,False
2024,Japanese Grand Prix,LEC,2.0,25,2.0,26.0,1.0,0 days 01:30:58.774000,MEDIUM,1,1,0 days 01:30:40.842000,22.6,39.5,33.0,1012.2,3.1,191,False,53,1,False
2024,Japanese Grand Prix,GAS,2.0,15,2.0,16.0,1.0,0 days 01:30:58.774000,HARD,1,1,0 days 01:30:40.842000,22.6,39.5,33.0,1012.2,3.1,191,False,53,1,False
2024,Japanese Grand Prix,BOT,2.0,5,2.0,6.0,2.0,0 days 01:30:58.774000,SOFT,1,1,0 days 01:30:40.842000,22.6,39.5,33.0,1012.2,3.1,191,False,53,1,False
2024,Japanese Grand Prix,HUL,3.0,28,6.0,33.0,1.0,0 days 01:39:46.991000,HARD,1,1,0 days 01:39:40.948000,22.5,38.8,39.0,1012.2,3.1,201,False,53,1,False
2024,Japanese Grand Prix,BOT,3.0,16,7.0,22.0,1.0,0 days 01:41:21.995000,HARD,1,1,0 days 01:41:40.847000,22.3,38.7,40.0,1012.2,3.5,204,False,53,1,False
2024,Japanese Grand Prix,TSU,3.0,15,8.0,22.0,1.0,0 days 01:42:59.911000,HARD,1,1,0 days 01:42:40.850000,22.4,38.7,40.0,1012.1,3.6,207,False,53,1,False
2024,Japanese Grand Prix,ZHO,3.0,4,8.0,11.0,1.0,0 days 01:43:07.311000,HARD,1,1,0 days 01:42:40.850000,22.4,38.7,40.0,1012.1,3.6,207,False,53,1,False
2024,Japanese Grand Prix,NOR,3.0,15,12.0,26.0,1.0,0 days 01:49:21.407000,HARD,1,1,0 days 01:49:40.853000,21.9,37.1,40.0,1012.3,2.0,176,False,53,1,False
2024,Japanese Grand Prix,ZHO,4.0,1,12.0,12.0,5.0,0 days 01:50:01.490000,HARD,1,1,0 days 01:49:40.853000,21.9,37.1,40.0,1012.3,2.0,176,False,53,0,False
2024,Japanese Grand Prix,PIA,3.0,20,13.0,32.0,1.0,0 days 01:51:07.058000,HARD,1,1,0 days 01:50:40.854000,21.7,36.7,39.0,1012.2,2.6,173,False,53,1,False
2024,Japanese Grand Prix,STR,3.0,10,13.0,22.0,1.0,0 days 01:51:17.230000,MEDIUM,1,1,0 days 01:51:40.859000,21.6,36.3,40.0,1012.3,2.3,156,False,53,1,False
2024,Japanese Grand Prix,ALO,3.0,20,14.0,33.0,1.0,0 days 01:52:44.098000,MEDIUM,1,1,0 days 01:52:40.856000,21.6,36.6,41.0,1012.4,1.7,173,False,53,1,False
2024,Japanese Grand Prix,PER,3.0,18,16.0,33.0,1.0,0 days 01:55:51.474000,MEDIUM,1,1,0 days 01:55:40.889000,21.5,36.0,41.0,1012.4,2.0,188,False,53,1,False
2024,Japanese Grand Prix,SAI,3.0,21,16.0,36.0,2.0,0 days 01:55:55.254000,MEDIUM,1,1,0 days 01:55:40.889000,21.5,36.0,41.0,1012.4,2.0,188,False,53,1,False
2024,Japanese Grand Prix,VER,3.0,18,17.0,34.0,1.0,0 days 01:57:23.570000,MEDIUM,1,1,0 days 01:57:40.906000,21.3,35.0,42.0,1012.4,3.0,199,False,53,1,False
2024,Japanese Grand Prix,GAS,3.0,16,17.0,32.0,1.0,0 days 01:58:18.974000,MEDIUM,1,1,0 days 01:58:40.905000,21.2,34.9,43.0,1012.3,2.4,170,False,53,1,False
2024,Japanese Grand Prix,OCO,3.0,14,20.0,33.0,1.0,0 days 02:03:11.815000,HARD,1,1,0 days 02:03:40.924000,21.1,34.2,44.0,1012.5,3.7,192,False,53,1,False
2024,Japanese Grand Prix,RUS,3.0,15,23.0,37.0,1.0,0 days 02:07:39.606000,HARD,1,1,0 days 02:07:40.943000,21.2,35.3,46.0,1012.5,2.5,191,False,53,1,False
2024,Japanese Grand Prix,MAG,3.0,30,23.0,52.0,1.0,0 days 02:08:03.599000,HARD,1,0,0 days 02:07:40.943000,21.2,35.3,46.0,1012.5,2.5,191,False,53,0,True
2024,Japanese Grand Prix,BOT,4.0,30,23.0,52.0,1.0,0 days 02:08:04.243000,HARD,1,0,0 days 02:07:40.943000,21.2,35.3,46.0,1012.5,2.5,191,False,53,0,True
2024,Japanese Grand Prix,SAR,3.0,12,23.0,34.0,1.0,0 days 02:08:04.992000,HARD,1,1,0 days 02:07:40.943000,21.2,35.3,46.0,1012.5,2.5,191,False,53,1,False
2024,Japanese Grand Prix,TSU,4.0,30,23.0,52.0,1.0,0 days 02:08:05.534000,HARD,1,0,0 days 02:07:40.943000,21.2,35.3,46.0,1012.5,2.5,191,False,53,0,True
2024,Japanese Grand Prix,STR,4.0,12,23.0,34.0,1.0,0 days 02:08:06.570000,HARD,1,1,0 days 02:07:40.943000,21.2,35.3,46.0,1012.5,2.5,191,False,53,1,False
2024,Japanese Grand Prix,HAM,3.0,16,24.0,39.0,1.0,0 days 02:09:21.972000,HARD,1,1,0 days 02:09:40.959000,21.0,35.6,46.0,1012.5,2.5,198,False,53,1,False
2024,Japanese Grand Prix,LEC,3.0,27,27.0,53.0,1.0,0 days 02:14:02.013000,HARD,1,0,0 days 02:13:40.980000,21.3,35.7,46.0,1012.5,2.4,195,False,53,0,True
2024,Japanese Grand Prix,NOR,4.0,27,27.0,53.0,1.0,0 days 02:14:02.835000,HARD,1,0,0 days 02:13:40.980000,21.3,35.7,46.0,1012.5,2.4,195,False,53,0,True
2024,Japanese Grand Prix,PIA,4.0,21,33.0,53.0,1.0,0 days 02:24:00.207000,HARD,1,0,0 days 02:23:40.990000,21.4,36.5,47.0,1012.5,2.4,192,False,53,0,True
2024,Japanese Grand Prix,GAS,4.0,20,33.0,52.0,1.0,0 days 02:25:03.705000,HARD,1,0,0 days 02:24:41.007000,21.3,36.7,47.0,1012.6,2.1,191,False,53,0,True
2024,Japanese Grand Prix,PER,4.0,20,34.0,53.0,1.0,0 days 02:25:18.337000,HARD,1,0,0 days 02:25:41.005000,21.2,36.5,47.0,1012.6,2.3,197,False,53,0,True
2024,Japanese Grand Prix,ALO,4.0,20,34.0,53.0,1.0,0 days 02:25:33.660000,HARD,1,0,0 days 02:25:41.005000,21.2,36.5,47.0,1012.6,2.3,197,False,53,0,True
2024,Japanese Grand Prix,HUL,4.0,19,34.0,52.0,1.0,0 days 02:26:22.685000,HARD,1,0,0 days 02:26:41.006000,21.2,36.2,47.0,1012.7,2.9,185,False,53,0,True
2024,Japanese Grand Prix,OCO,4.0,19,34.0,52.0,1.0,0 days 02:26:34.067000,MEDIUM,1,0,0 days 02:26:41.006000,21.2,36.2,47.0,1012.7,2.9,185,False,53,0,True
2024,Japanese Grand Prix,VER,4.0,19,35.0,53.0,1.0,0 days 02:26:43.645000,HARD,1,0,0 days 02:26:41.006000,21.2,36.2,47.0,1012.7,2.9,185,False,53,0,True
2024,Japanese Grand Prix,STR,5.0,18,35.0,52.0,1.0,0 days 02:27:58.792000,SOFT,1,0,0 days 02:27:41.003000,21.0,35.5,48.0,1012.7,1.4,163,False,53,0,True
2024,Japanese Grand Prix,SAR,4.0,7,35.0,41.0,1.0,0 days 02:28:04.867000,MEDIUM,1,1,0 days 02:27:41.003000,21.0,35.5,48.0,1012.7,1.4,163,False,53,1,False
2024,Japanese Grand Prix,SAI,4.0,17,37.0,53.0,1.0,0 days 02:30:14.414000,HARD,1,0,0 days 02:30:41.025000,20.9,34.6,48.0,1012.7,1.6,164,False,53,0,True
2024,Japanese Grand Prix,RUS,4.0,16,38.0,53.0,2.0,0 days 02:32:08.166000,MEDIUM,1,0,0 days 02:31:41.007000,20.9,34.5,48.0,1012.7,1.3,186,False,53,0,True
2024,Japanese Grand Prix,HAM,4.0,14,40.0,53.0,2.0,0 days 02:35:25.706000,MEDIUM,1,0,0 days 02:35:41.009000,20.6,34.0,51.0,1012.8,1.7,197,False,53,0,True
2024,Japanese Grand Prix,SAR,5.0,11,42.0,52.0,1.0,0 days 02:40:25.111000,SOFT,1,0,0 days 02:40:41.057000,20.3,33.1,52.0,1012.7,1.3,188,False,53,0,True
2024,Austrian Grand Prix,ALB,1.0,12,1.0,12.0,1.0,0 days 00:55:31.047000,MEDIUM,1,1,0 days 00:55:59.997000,28.9,47.2,36.0,933.0,2.1,3,False,71,1,False
2024,Austrian Grand Prix,SAI,1.0,22,1.0,22.0,1.0,0 days 00:55:31.047000,MEDIUM,1,1,0 days 00:55:59.997000,28.9,47.2,36.0,933.0,2.1,3,False,71,1,False
2024,Austrian Grand Prix,STR,1.0,20,1.0,20.0,2.0,0 days 00:55:31.047000,MEDIUM,1,1,0 days 00:55:59.997000,28.9,47.2,36.0,933.0,2.1,3,False,71,1,False
2024,Austrian Grand Prix,RUS,1.0,22,1.0,22.0,1.0,0 days 00:55:31.047000,MEDIUM,1,1,0 days 00:55:59.997000,28.9,47.2,36.0,933.0,2.1,3,False,71,1,False
2024,Austrian Grand Prix,RIC,1.0,10,1.0,10.0,1.0,0 days 00:55:31.047000,MEDIUM,1,1,0 days 00:55:59.997000,28.9,47.2,36.0,933.0,2.1,3,False,71,1,False
2024,Austrian Grand Prix,PIA,1.0,25,1.0,25.0,1.0,0 days 00:55:31.047000,MEDIUM,1,1,0 days 00:55:59.997000,28.9,47.2,36.0,933.0,2.1,3,False,71,1,False
2024,Austrian Grand Prix,TSU,1.0,21,1.0,21.0,1.0,0 days 00:55:31.047000,MEDIUM,1,1,0 days 00:55:59.997000,28.9,47.2,36.0,933.0,2.1,3,False,71,1,False
2024,Austrian Grand Prix,PER,1.0,21,1.0,21.0,1.0,0 days 00:55:31.047000,MEDIUM,1,1,0 days 00:55:59.997000,28.9,47.2,36.0,933.0,2.1,3,False,71,1,False
2024,Austrian Grand Prix,OCO,1.0,19,1.0,19.0,1.0,0 days 00:55:31.047000,MEDIUM,1,1,0 days 00:55:59.997000,28.9,47.2,36.0,933.0,2.1,3,False,71,1,False
2024,Austrian Grand Prix,NOR,1.0,23,1.0,23.0,1.0,0 days 00:55:31.047000,MEDIUM,1,1,0 days 00:55:59.997000,28.9,47.2,36.0,933.0,2.1,3,False,71,1,False
2024,Austrian Grand Prix,SAR,1.0,1,1.0,1.0,1.0,0 days 00:55:31.047000,MEDIUM,1,1,0 days 00:55:59.997000,28.9,47.2,36.0,933.0,2.1,3,False,71,1,False
2024,Austrian Grand Prix,VER,1.0,23,1.0,23.0,1.0,0 days 00:55:31.047000,MEDIUM,1,1,0 days 00:55:59.997000,28.9,47.2,36.0,933.0,2.1,3,False,71,1,False
2024,Austrian Grand Prix,LEC,1.0,1,1.0,1.0,1.0,0 days 00:55:31.047000,MEDIUM,1,1,0 days 00:55:59.997000,28.9,47.2,36.0,933.0,2.1,3,False,71,1,False
2024,Austrian Grand Prix,HUL,1.0,11,1.0,11.0,1.0,0 days 00:55:31.047000,MEDIUM,1,1,0 days 00:55:59.997000,28.9,47.2,36.0,933.0,2.1,3,False,71,1,False
2024,Austrian Grand Prix,MAG,1.0,10,1.0,10.0,1.0,0 days 00:55:31.047000,MEDIUM,1,1,0 days 00:55:59.997000,28.9,47.2,36.0,933.0,2.1,3,False,71,1,False
2024,Austrian Grand Prix,HAM,1.0,21,1.0,21.0,1.0,0 days 00:55:31.047000,MEDIUM,1,1,0 days 00:55:59.997000,28.9,47.2,36.0,933.0,2.1,3,False,71,1,False
2024,Austrian Grand Prix,ZHO,1.0,28,1.0,28.0,1.0,0 days 00:55:31.047000,HARD,1,1,0 days 00:55:59.997000,28.9,47.2,36.0,933.0,2.1,3,False,71,1,False
2024,Austrian Grand Prix,BOT,1.0,19,1.0,19.0,1.0,0 days 00:55:31.047000,MEDIUM,1,1,0 days 00:55:59.997000,28.9,47.2,36.0,933.0,2.1,3,False,71,1,False
2024,Austrian Grand Prix,GAS,1.0,20,1.0,20.0,1.0,0 days 00:55:31.047000,MEDIUM,1,1,0 days 00:55:59.997000,28.9,47.2,36.0,933.0,2.1,3,False,71,1,False
2024,Austrian Grand Prix,ALO,1.0,11,1.0,11.0,4.0,0 days 00:55:31.047000,MEDIUM,1,1,0 days 00:55:59.997000,28.9,47.2,36.0,933.0,2.1,3,False,71,1,False
2024,Austrian Grand Prix,LEC,2.0,15,2.0,16.0,1.0,0 days 00:56:53.372000,HARD,1,1,0 days 00:57:00.001000,28.9,47.3,36.0,933.0,1.7,268,False,71,1,False
2024,Austrian Grand Prix,SAR,2.0,19,2.0,20.0,7.0,0 days 00:56:55.892000,MEDIUM,1,1,0 days 00:57:00.001000,28.9,47.3,36.0,933.0,1.7,268,False,71,1,False
2024,Austrian Grand Prix,MAG,2.0,28,11.0,38.0,1.0,0 days 01:07:35.462000,HARD,1,1,0 days 01:08:00.101000,29.6,49.0,34.0,932.8,0.9,288,False,71,1,False
2024,Austrian Grand Prix,RIC,2.0,27,11.0,37.0,1.0,0 days 01:07:36.592000,HARD,1,1,0 days 01:08:00.101000,29.6,49.0,34.0,932.8,0.9,288,False,71,1,False
2024,Austrian Grand Prix,HUL,2.0,28,12.0,39.0,1.0,0 days 01:08:45.496000,HARD,1,1,0 days 01:09:00.097000,29.7,48.7,34.0,932.8,2.4,43,False,71,1,False
2024,Austrian Grand Prix,ALO,2.0,24,12.0,35.0,2.0,0 days 01:08:51.365000,MEDIUM,1,1,0 days 01:09:00.097000,29.7,48.7,34.0,932.8,2.4,43,False,71,1,False
2024,Austrian Grand Prix,ALB,2.0,27,13.0,39.0,1.0,0 days 01:10:03.282000,HARD,1,1,0 days 01:10:00.125000,29.6,48.2,34.0,932.9,1.1,308,False,71,1,False
2024,Austrian Grand Prix,LEC,3.0,17,17.0,33.0,1.0,0 days 01:15:11.371000,MEDIUM,1,1,0 days 01:15:00.141000,29.7,48.1,34.0,932.8,1.6,14,False,71,1,False
2024,Austrian Grand Prix,OCO,2.0,24,20.0,43.0,1.0,0 days 01:18:24.353000,HARD,1,1,0 days 01:18:00.167000,29.8,47.6,34.0,932.9,1.4,194,False,71,1,False
2024,Austrian Grand Prix,BOT,2.0,23,20.0,42.0,1.0,0 days 01:18:33.703000,HARD,1,1,0 days 01:19:00.147000,29.7,47.8,35.0,932.9,1.2,41,False,71,1,False
2024,Austrian Grand Prix,GAS,2.0,22,21.0,42.0,1.0,0 days 01:19:38.085000,HARD,1,1,0 days 01:20:00.151000,29.7,48.3,35.0,933.0,0.9,0,False,71,1,False
2024,Austrian Grand Prix,STR,2.0,23,21.0,43.0,1.0,0 days 01:19:44.582000,MEDIUM,1,1,0 days 01:20:00.151000,29.7,48.3,35.0,933.0,0.9,0,False,71,1,False
2024,Austrian Grand Prix,SAR,3.0,29,21.0,49.0,1.0,0 days 01:20:24.316000,HARD,1,1,0 days 01:20:00.151000,29.7,48.3,35.0,933.0,0.9,0,False,71,1,False
2024,Austrian Grand Prix,HAM,2.0,32,22.0,53.0,1.0,0 days 01:20:36.267000,HARD,1,1,0 days 01:21:00.153000,29.6,48.3,35.0,933.0,0.9,318,False,71,1,False
2024,Austrian Grand Prix,PER,2.0,30,22.0,51.0,1.0,0 days 01:20:42.670000,HARD,1,1,0 days 01:21:00.153000,29.6,48.3,35.0,933.0,0.9,318,False,71,1,False
2024,Austrian Grand Prix,TSU,2.0,23,22.0,44.0,1.0,0 days 01:20:54.358000,HARD,1,1,0 days 01:21:00.153000,29.6,48.3,35.0,933.0,0.9,318,False,71,1,False
2024,Austrian Grand Prix,RUS,2.0,24,23.0,46.0,1.0,0 days 01:21:42.234000,MEDIUM,1,1,0 days 01:22:00.145000,29.6,48.2,35.0,932.9,2.0,271,False,71,1,False
2024,Austrian Grand Prix,SAI,2.0,25,23.0,47.0,1.0,0 days 01:21:44.929000,HARD,1,1,0 days 01:22:00.145000,29.6,48.2,35.0,932.9,2.0,271,False,71,1,False
2024,Austrian Grand Prix,VER,2.0,28,24.0,51.0,1.0,0 days 01:22:42.682000,HARD,1,1,0 days 01:23:00.153000,29.7,47.3,34.0,932.9,1.4,208,False,71,1,False
2024,Austrian Grand Prix,NOR,2.0,28,24.0,51.0,1.0,0 days 01:22:48.648000,HARD,1,1,0 days 01:23:00.153000,29.7,47.3,34.0,932.9,1.4,208,False,71,1,False
2024,Austrian Grand Prix,PIA,2.0,26,26.0,51.0,1.0,0 days 01:25:22.176000,HARD,1,1,0 days 01:25:00.151000,29.9,47.3,35.0,932.8,0.9,73,False,71,1,False
2024,Austrian Grand Prix,ZHO,2.0,23,29.0,51.0,1.0,0 days 01:29:41.765000,MEDIUM,1,1,0 days 01:30:00.154000,29.9,45.7,35.0,932.9,0.7,354,False,71,1,False
2024,Austrian Grand Prix,LEC,4.0,18,34.0,51.0,2.0,0 days 01:35:36.346000,MEDIUM,1,1,0 days 01:36:00.162000,29.6,44.3,36.0,932.9,1.0,91,False,71,1,False
2024,Austrian Grand Prix,ALO,3.0,33,36.0,68.0,2.0,0 days 01:37:51.954000,HARD,1,1,0 days 01:38:00.200000,29.6,45.0,35.0,932.9,1.4,274,False,71,1,False
2024,Austrian Grand Prix,RIC,3.0,34,38.0,71.0,1.0,0 days 01:40:11.863000,HARD,1,0,0 days 01:40:00.182000,29.9,46.3,35.0,932.8,1.7,339,False,71,0,True
2024,Austrian Grand Prix,MAG,3.0,33,39.0,71.0,1.0,0 days 01:41:21.693000,HARD,1,0,0 days 01:41:00.192000,30.0,47.3,35.0,932.8,1.6,284,False,71,0,True
2024,Austrian Grand Prix,HUL,3.0,32,40.0,71.0,1.0,0 days 01:42:28.514000,HARD,1,0,0 days 01:42:00.215000,30.1,48.0,35.0,932.9,1.1,319,False,71,0,True
2024,Austrian Grand Prix,ALB,3.0,31,40.0,70.0,1.0,0 days 01:42:44.196000,HARD,1,0,0 days 01:43:00.266000,30.2,48.0,35.0,933.0,0.8,46,False,71,0,True
2024,Austrian Grand Prix,GAS,3.0,29,43.0,71.0,1.0,0 days 01:46:12.933000,MEDIUM,1,0,0 days 01:46:00.222000,30.5,48.0,32.0,932.8,1.4,306,False,71,0,True
2024,Austrian Grand Prix,BOT,3.0,28,43.0,70.0,1.0,0 days 01:46:21.870000,HARD,1,0,0 days 01:46:00.222000,30.5,48.0,32.0,932.8,1.4,306,False,71,0,True
2024,Austrian Grand Prix,OCO,3.0,28,44.0,71.0,1.0,0 days 01:47:25.442000,MEDIUM,1,0,0 days 01:47:00.225000,30.6,47.6,33.0,932.9,2.8,307,False,71,0,True
2024,Austrian Grand Prix,STR,3.0,27,44.0,70.0,2.0,0 days 01:47:30.615000,HARD,1,0,0 days 01:48:00.231000,30.4,46.2,33.0,932.8,1.9,244,False,71,0,True
2024,Austrian Grand Prix,TSU,3.0,26,45.0,70.0,1.0,0 days 01:48:39.693000,HARD,1,0,0 days 01:49:00.221000,30.4,45.8,32.0,932.9,0.9,8,False,71,0,True
2024,Austrian Grand Prix,RUS,3.0,25,47.0,71.0,1.0,0 days 01:50:14.164000,HARD,1,0,0 days 01:50:00.231000,30.1,44.9,33.0,932.9,0.9,281,False,71,0,True
2024,Austrian Grand Prix,SAI,3.0,24,48.0,71.0,1.0,0 days 01:51:27.975000,MEDIUM,1,0,0 days 01:51:00.242000,30.0,44.6,33.0,932.9,2.3,199,False,71,0,True
2024,Austrian Grand Prix,SAR,4.0,20,50.0,69.0,2.0,0 days 01:55:36.777000,MEDIUM,1,0,0 days 01:56:00.271000,29.6,45.5,33.0,932.9,1.0,227,False,71,0,False
2024,Austrian Grand Prix,VER,3.0,13,52.0,64.0,4.0,0 days 01:55:46.470000,MEDIUM,1,1,0 days 01:56:00.271000,29.6,45.5,33.0,932.9,1.0,227,False,71,1,False
2024,Austrian Grand Prix,NOR,3.0,13,52.0,64.0,1.0,0 days 01:55:54.084000,MEDIUM,1,1,0 days 01:56:00.271000,29.6,45.5,33.0,932.9,1.0,227,False,71,0,False
2024,Austrian Grand Prix,PIA,3.0,20,52.0,71.0,1.0,0 days 01:56:13.455000,MEDIUM,1,0,0 days 01:56:00.271000,29.6,45.5,33.0,932.9,1.0,227,False,71,0,True
2024,Austrian Grand Prix,PER,3.0,20,52.0,71.0,6.0,0 days 01:56:36.469000,MEDIUM,1,0,0 days 01:57:00.269000,29.6,44.7,33.0,932.8,1.0,336,False,71,0,True
2024,Austrian Grand Prix,LEC,5.0,20,52.0,71.0,7.0,0 days 01:57:06.016000,MEDIUM,1,0,0 days 01:57:00.269000,29.6,44.7,33.0,932.8,1.0,336,False,71,0,True
2024,Austrian Grand Prix,ZHO,3.0,19,52.0,70.0,1.0,0 days 01:57:35.546000,HARD,1,0,0 days 01:58:00.269000,29.6,44.5,33.0,932.9,1.4,177,False,71,0,True
2024,Austrian Grand Prix,HAM,3.0,18,54.0,71.0,1.0,0 days 01:58:38.920000,MEDIUM,1,0,0 days 01:59:00.287000,29.6,44.0,33.0,932.9,1.1,310,False,71,0,True
2024,Austrian Grand Prix,VER,4.0,7,65.0,71.0,4.0,0 days 02:11:39.601000,SOFT,1,0,0 days 02:12:00.316000,30.0,46.5,35.0,932.9,1.2,321,False,71,0,True
2024,Austrian Grand Prix,ALO,4.0,2,69.0,70.0,1.0,0 days 02:18:03.690000,SOFT,1,0,0 days 02:18:00.317000,29.8,44.3,35.0,932.7,2.1,149,False,71,0,True
2024,Dutch Grand Prix,ALB,1.0,12,1.0,12.0,1.0,0 days 00:57:35.434000,MEDIUM,1,1,0 days 00:57:40.359000,18.7,29.1,63.0,1020.0,3.2,208,False,72,1,False
2024,Dutch Grand Prix,SAI,1.0,30,1.0,30.0,1.0,0 days 00:57:35.434000,MEDIUM,1,1,0 days 00:57:40.359000,18.7,29.1,63.0,1020.0,3.2,208,False,72,1,False
2024,Dutch Grand Prix,RUS,1.0,25,1.0,25.0,1.0,0 days 00:57:35.434000,MEDIUM,1,1,0 days 00:57:40.359000,18.7,29.1,63.0,1020.0,3.2,208,False,72,1,False
2024,Dutch Grand Prix,RIC,1.0,29,1.0,29.0,1.0,0 days 00:57:35.434000,MEDIUM,1,1,0 days 00:57:40.359000,18.7,29.1,63.0,1020.0,3.2,208,False,72,1,False
2024,Dutch Grand Prix,STR,1.0,30,1.0,30.0,1.0,0 days 00:57:35.434000,MEDIUM,1,1,0 days 00:57:40.359000,18.7,29.1,63.0,1020.0,3.2,208,False,72,1,False
2024,Dutch Grand Prix,PIA,1.0,33,1.0,33.0,1.0,0 days 00:57:35.434000,MEDIUM,1,1,0 days 00:57:40.359000,18.7,29.1,63.0,1020.0,3.2,208,False,72,1,False
2024,Dutch Grand Prix,PER,1.0,29,1.0,29.0,1.0,0 days 00:57:35.434000,MEDIUM,1,1,0 days 00:57:40.359000,18.7,29.1,63.0,1020.0,3.2,208,False,72,1,False
2024,Dutch Grand Prix,OCO,1.0,30,1.0,30.0,1.0,0 days 00:57:35.434000,MEDIUM,1,1,0 days 00:57:40.359000,18.7,29.1,63.0,1020.0,3.2,208,False,72,1,False
2024,Dutch Grand Prix,NOR,1.0,28,1.0,28.0,1.0,0 days 00:57:35.434000,MEDIUM,1,1,0 days 00:57:40.359000,18.7,29.1,63.0,1020.0,3.2,208,False,72,1,False
2024,Dutch Grand Prix,LEC,1.0,24,1.0,24.0,1.0,0 days 00:57:35.434000,MEDIUM,1,1,0 days 00:57:40.359000,18.7,29.1,63.0,1020.0,3.2,208,False,72,1,False
2024,Dutch Grand Prix,HUL,1.0,14,1.0,14.0,1.0,0 days 00:57:35.434000,MEDIUM,1,1,0 days 00:57:40.359000,18.7,29.1,63.0,1020.0,3.2,208,False,72,1,False
2024,Dutch Grand Prix,TSU,1.0,14,1.0,14.0,1.0,0 days 00:57:35.434000,SOFT,1,1,0 days 00:57:40.359000,18.7,29.1,63.0,1020.0,3.2,208,False,72,1,False
2024,Dutch Grand Prix,MAG,1.0,40,1.0,40.0,1.0,0 days 00:57:35.434000,HARD,1,1,0 days 00:57:40.359000,18.7,29.1,63.0,1020.0,3.2,208,False,72,1,False
2024,Dutch Grand Prix,HAM,1.0,23,1.0,23.0,1.0,0 days 00:57:35.434000,SOFT,1,1,0 days 00:57:40.359000,18.7,29.1,63.0,1020.0,3.2,208,False,72,1,False
2024,Dutch Grand Prix,ZHO,1.0,18,1.0,18.0,1.0,0 days 00:57:35.434000,MEDIUM,1,1,0 days 00:57:40.359000,18.7,29.1,63.0,1020.0,3.2,208,False,72,1,False
2024,Dutch Grand Prix,ALO,1.0,31,1.0,31.0,1.0,0 days 00:57:35.434000,MEDIUM,1,1,0 days 00:57:40.359000,18.7,29.1,63.0,1020.0,3.2,208,False,72,1,False
2024,Dutch Grand Prix,BOT,1.0,15,1.0,15.0,1.0,0 days 00:57:35.434000,SOFT,1,1,0 days 00:57:40.359000,18.7,29.1,63.0,1020.0,3.2,208,False,72,1,False
2024,Dutch Grand Prix,VER,1.0,27,1.0,27.0,1.0,0 days 00:57:35.434000,MEDIUM,1,1,0 days 00:57:40.359000,18.7,29.1,63.0,1020.0,3.2,208,False,72,1,False
2024,Dutch Grand Prix,GAS,1.0,32,1.0,32.0,1.0,0 days 00:57:35.434000,MEDIUM,1,1,0 days 00:57:40.359000,18.7,29.1,63.0,1020.0,3.2,208,False,72,1,False
2024,Dutch Grand Prix,SAR,1.0,22,1.0,22.0,1.0,0 days 00:57:35.434000,MEDIUM,1,1,0 days 00:57:40.359000,18.7,29.1,63.0,1020.0,3.2,208,False,72,1,False
2024,Dutch Grand Prix,ALB,2.0,42,13.0,54.0,1.0,0 days 01:13:21.874000,HARD,1,1,0 days 01:13:40.471000,19.1,31.3,58.0,1020.0,6.0,230,False,72,1,False
2024,Dutch Grand Prix,HUL,2.0,57,15.0,71.0,1.0,0 days 01:15:51.602000,HARD,1,0,0 days 01:15:40.448000,19.1,30.2,60.0,1019.9,4.5,227,False,72,0,True
2024,Dutch Grand Prix,TSU,2.0,18,15.0,32.0,1.0,0 days 01:15:52.510000,MEDIUM,1,1,0 days 01:15:40.448000,19.1,30.2,60.0,1019.9,4.5,227,False,72,1,False
2024,Dutch Grand Prix,BOT,2.0,28,16.0,43.0,1.0,0 days 01:17:15.613000,HARD,1,1,0 days 01:17:40.480000,19.0,30.4,61.0,1020.0,3.9,210,False,72,1,False
2024,Dutch Grand Prix,ZHO,2.0,33,19.0,51.0,1.0,0 days 01:21:18.611000,HARD,1,1,0 days 01:21:40.507000,19.2,31.3,60.0,1019.9,4.8,223,False,72,1,False
2024,Dutch Grand Prix,SAR,2.0,49,23.0,71.0,1.0,0 days 01:26:26.116000,HARD,1,0,0 days 01:26:40.499000,19.4,31.7,58.0,1020.0,4.1,218,False,72,0,True
2024,Dutch Grand Prix,HAM,2.0,25,24.0,48.0,1.0,0 days 01:27:21.686000,HARD,1,1,0 days 01:27:40.506000,19.4,31.5,58.0,1020.0,6.2,234,False,72,1,False
2024,Dutch Grand Prix,LEC,2.0,48,25.0,72.0,1.0,0 days 01:28:22.522000,HARD,1,0,0 days 01:28:40.491000,19.4,31.3,60.0,1020.0,5.5,224,False,72,0,True
2024,Dutch Grand Prix,RUS,2.0,29,26.0,54.0,1.0,0 days 01:29:37.200000,HARD,1,1,0 days 01:29:40.509000,19.4,31.6,59.0,1020.0,5.5,228,False,72,1,False
2024,Dutch Grand Prix,VER,2.0,45,28.0,72.0,1.0,0 days 01:32:04.720000,HARD,1,0,0 days 01:31:40.515000,19.4,31.9,60.0,1020.0,3.8,208,False,72,0,True
2024,Dutch Grand Prix,NOR,2.0,44,29.0,72.0,1.0,0 days 01:33:14.161000,HARD,1,0,0 days 01:33:40.508000,19.4,32.1,59.0,1020.0,4.4,218,False,72,0,True
2024,Dutch Grand Prix,PER,2.0,43,30.0,72.0,1.0,0 days 01:34:48.770000,HARD,1,0,0 days 01:34:40.509000,19.3,32.0,59.0,1020.0,4.3,209,False,72,0,True
2024,Dutch Grand Prix,RIC,2.0,42,30.0,71.0,1.0,0 days 01:35:17.360000,HARD,1,0,0 days 01:35:40.500000,19.3,32.0,60.0,1020.0,4.2,216,False,72,0,True
2024,Dutch Grand Prix,SAI,2.0,42,31.0,72.0,1.0,0 days 01:36:06.991000,HARD,1,0,0 days 01:35:40.500000,19.3,32.0,60.0,1020.0,4.2,216,False,72,0,True
2024,Dutch Grand Prix,STR,2.0,41,31.0,71.0,1.0,0 days 01:36:30.971000,HARD,1,0,0 days 01:36:40.510000,19.3,31.8,61.0,1020.0,4.7,231,False,72,0,True
2024,Dutch Grand Prix,OCO,2.0,41,31.0,71.0,1.0,0 days 01:36:42.801000,HARD,1,0,0 days 01:36:40.510000,19.3,31.8,61.0,1020.0,4.7,231,False,72,0,True
2024,Dutch Grand Prix,ALO,2.0,40,32.0,71.0,1.0,0 days 01:37:44.958000,HARD,1,0,0 days 01:37:40.525000,19.3,31.9,60.0,1020.1,5.9,229,False,72,0,True
2024,Dutch Grand Prix,GAS,2.0,39,33.0,71.0,1.0,0 days 01:38:56.929000,HARD,1,0,0 days 01:38:40.524000,19.4,32.0,60.0,1020.0,4.8,206,False,72,0,True
2024,Dutch Grand Prix,TSU,3.0,39,33.0,71.0,1.0,0 days 01:39:16.140000,HARD,1,0,0 days 01:39:40.544000,19.4,32.0,60.0,1020.0,4.6,206,False,72,0,True
2024,Dutch Grand Prix,PIA,2.0,39,34.0,72.0,1.0,0 days 01:39:47.884000,HARD,1,0,0 days 01:39:40.544000,19.4,32.0,60.0,1020.0,4.6,206,False,72,0,True
2024,Dutch Grand Prix,MAG,2.0,31,41.0,71.0,1.0,0 days 01:49:36.159000,MEDIUM,1,0,0 days 01:49:40.729000,19.5,31.8,58.0,1020.0,3.7,207,False,72,0,True
2024,Dutch Grand Prix,BOT,3.0,27,44.0,70.0,1.0,0 days 01:53:37.729000,MEDIUM,1,0,0 days 01:53:40.739000,19.3,31.8,57.0,1019.9,4.9,209,False,72,0,False
2024,Dutch Grand Prix,HAM,3.0,24,49.0,72.0,1.0,0 days 01:59:05.863000,SOFT,1,0,0 days 01:58:40.728000,19.2,32.3,57.0,1019.9,3.8,217,False,72,0,True
2024,Dutch Grand Prix,ZHO,3.0,19,52.0,70.0,1.0,0 days 02:04:22.730000,SOFT,1,0,0 days 02:04:40.760000,19.3,32.4,57.0,1020.0,5.1,210,False,72,0,False
2024,Dutch Grand Prix,RUS,3.0,18,55.0,72.0,4.0,0 days 02:06:28.439000,SOFT,1,0,0 days 02:06:40.781000,19.3,32.1,57.0,1019.9,4.7,215,False,72,0,True
2024,Dutch Grand Prix,ALB,3.0,17,55.0,71.0,1.0,0 days 02:07:26.110000,MEDIUM,1,0,0 days 02:07:40.793000,19.3,31.9,58.0,1019.9,4.4,224,False,72,0,True
